Episode,path
0,"[array([2, 0, 7]), array([ 3, -1,  6])]"
1,"[array([2, 0, 7]), array([3, 1, 8]), array([2, 1, 8]), array([3, 0, 9]), array([ 2, -1,  6])]"
2,"[array([0, 2, 7]), array([0, 1, 7]), array([0, 2, 7]), array([1, 1, 6]), array([0, 1, 6]), array([1, 2, 9]), array([1, 1, 9]), array([0, 2, 8]), array([-1,  3,  9])]"
3,"[array([2, 2, 9]), array([1, 3, 8]), array([2, 2, 9]), array([3, 1, 8]), array([4, 2, 7]), array([5, 1, 6])]"
4,"[array([2, 1, 6]), array([1, 2, 7]), array([2, 1, 6]), array([1, 0, 9]), array([ 1, -1,  9])]"
5,"[array([2, 2, 9]), array([1, 1, 6]), array([2, 2, 9]), array([1, 1, 6]), array([2, 1, 6]), array([1, 2, 7]), array([0, 1, 8]), array([1, 2, 7]), array([1, 1, 7]), array([2, 0, 6])]"
6,"[array([2, 1, 6]), array([1, 0, 9]), array([ 1, -1,  9])]"
7,"[array([2, 2, 9]), array([3, 1, 8]), array([4, 0, 9]), array([ 4, -1,  9])]"
8,"[array([2, 1, 6]), array([3, 1, 6]), array([4, 1, 6]), array([3, 1, 6]), array([4, 2, 9]), array([3, 1, 6]), array([4, 0, 7]), array([3, 1, 6]), array([4, 2, 9]), array([4, 1, 9])]"
9,"[array([2, 2, 9]), array([2, 3, 9]), array([3, 4, 6]), array([2, 3, 9]), array([3, 4, 6]), array([2, 5, 7])]"
10,"[array([0, 0, 9]), array([-1,  1,  8])]"
11,"[array([0, 0, 9]), array([ 0, -1,  9])]"
12,"[array([2, 2, 9]), array([2, 1, 9]), array([3, 2, 6]), array([4, 2, 6]), array([5, 2, 6])]"
13,"[array([2, 1, 6]), array([1, 2, 7]), array([1, 1, 7]), array([0, 2, 6]), array([1, 2, 6]), array([2, 1, 7]), array([1, 0, 8]), array([2, 0, 8]), array([ 1, -1,  7])]"
14,"[array([2, 1, 6]), array([3, 0, 7]), array([ 3, -1,  7])]"
15,"[array([0, 1, 6]), array([1, 0, 7]), array([ 1, -1,  7])]"
16,"[array([2, 0, 7]), array([ 1, -1,  8])]"
17,"[array([0, 2, 7]), array([-1,  1,  8])]"
18,"[array([2, 1, 6]), array([3, 0, 7]), array([3, 1, 7]), array([2, 0, 8]), array([1, 0, 8]), array([0, 1, 9]), array([1, 0, 8]), array([0, 1, 9]), array([0, 0, 9]), array([0, 1, 9])]"
19,"[array([0, 2, 7]), array([1, 3, 8]), array([2, 3, 8]), array([3, 2, 9]), array([4, 3, 6]), array([5, 3, 6])]"
20,"[array([2, 0, 7]), array([ 3, -1,  6])]"
21,"[array([0, 2, 7]), array([1, 3, 8]), array([2, 4, 7]), array([3, 5, 8])]"
22,"[array([0, 1, 6]), array([1, 1, 6]), array([0, 2, 7]), array([1, 3, 8]), array([2, 2, 9]), array([3, 3, 6]), array([4, 4, 9]), array([3, 3, 6]), array([2, 4, 7]), array([3, 5, 8])]"
23,"[array([0, 2, 7]), array([1, 3, 8]), array([2, 2, 9]), array([1, 3, 8]), array([0, 4, 9]), array([-1,  3,  6])]"
24,"[array([0, 0, 9]), array([1, 1, 6]), array([0, 2, 7]), array([0, 3, 7]), array([0, 2, 7]), array([0, 3, 7]), array([0, 4, 7]), array([1, 5, 8])]"
25,"[array([2, 1, 6]), array([3, 2, 9]), array([4, 3, 6]), array([3, 4, 7]), array([4, 5, 8])]"
26,"[array([0, 0, 9]), array([ 1, -1,  8])]"
27,"[array([2, 2, 9]), array([3, 3, 6]), array([2, 4, 7]), array([1, 3, 8]), array([2, 2, 9]), array([1, 1, 6]), array([2, 1, 6]), array([1, 2, 7]), array([2, 3, 8]), array([3, 2, 9])]"
28,"[array([0, 0, 9]), array([-1,  1,  8])]"
29,"[array([2, 0, 7]), array([2, 1, 7]), array([1, 2, 6]), array([0, 3, 7]), array([-1,  4,  6])]"
30,"[array([2, 2, 9]), array([3, 3, 6]), array([2, 2, 9]), array([3, 1, 8]), array([4, 0, 9]), array([ 3, -1,  6])]"
31,"[array([0, 0, 9]), array([1, 1, 6]), array([0, 1, 6]), array([1, 1, 6]), array([0, 2, 7]), array([1, 3, 8]), array([2, 3, 8]), array([3, 2, 9]), array([3, 1, 9]), array([2, 0, 6])]"
32,"[array([2, 1, 6]), array([3, 1, 6]), array([4, 1, 6]), array([5, 2, 9])]"
33,"[array([0, 2, 7]), array([1, 3, 8]), array([2, 3, 8]), array([1, 2, 7]), array([2, 1, 6]), array([3, 2, 9]), array([4, 1, 8]), array([5, 0, 9])]"
34,"[array([0, 0, 9]), array([ 0, -1,  9])]"
35,"[array([0, 2, 7]), array([-1,  3,  6])]"
36,"[array([0, 2, 7]), array([0, 1, 7]), array([1, 0, 6]), array([ 0, -1,  9])]"
37,"[array([2, 1, 6]), array([3, 2, 9]), array([2, 3, 8]), array([3, 4, 7]), array([4, 3, 6]), array([5, 2, 7])]"
38,"[array([2, 0, 7]), array([ 3, -1,  6])]"
39,"[array([2, 1, 6]), array([1, 1, 6]), array([2, 2, 9]), array([2, 3, 9]), array([1, 4, 8]), array([2, 4, 8]), array([3, 3, 9]), array([2, 2, 6]), array([3, 3, 9]), array([2, 4, 8])]"
40,"[array([2, 2, 9]), array([1, 3, 8]), array([0, 4, 9]), array([1, 5, 6])]"
41,"[array([2, 0, 7]), array([ 3, -1,  6])]"
42,"[array([2, 2, 9]), array([2, 3, 9]), array([3, 4, 6]), array([4, 4, 6]), array([5, 5, 9])]"
43,"[array([2, 1, 6]), array([3, 0, 7]), array([ 4, -1,  6])]"
44,"[array([0, 1, 6]), array([1, 2, 9]), array([1, 3, 9]), array([0, 2, 6]), array([-1,  3,  7])]"
45,"[array([0, 1, 6]), array([-1,  1,  6])]"
46,"[array([0, 2, 7]), array([0, 3, 7]), array([1, 4, 8]), array([0, 3, 7]), array([0, 4, 7]), array([-1,  5,  6])]"
47,"[array([0, 2, 7]), array([1, 1, 6]), array([0, 2, 7]), array([-1,  1,  8])]"
48,"[array([0, 2, 7]), array([-1,  1,  8])]"
49,"[array([0, 2, 7]), array([1, 1, 6]), array([0, 2, 7]), array([-1,  3,  6])]"
50,"[array([0, 2, 7]), array([1, 3, 8]), array([2, 3, 8]), array([3, 2, 9]), array([2, 1, 6]), array([3, 2, 9]), array([3, 1, 9]), array([4, 0, 8]), array([ 5, -1,  9])]"
51,"[array([0, 2, 7]), array([0, 3, 7]), array([-1,  4,  6])]"
52,"[array([0, 1, 6]), array([-1,  2,  7])]"
53,"[array([0, 1, 6]), array([-1,  2,  7])]"
54,"[array([2, 1, 6]), array([1, 2, 7]), array([1, 3, 7]), array([1, 2, 7]), array([2, 1, 6]), array([1, 0, 9]), array([ 2, -1,  8])]"
55,"[array([0, 1, 6]), array([-1,  2,  7])]"
56,"[array([2, 1, 6]), array([3, 0, 7]), array([2, 1, 6]), array([3, 2, 9]), array([4, 1, 8]), array([5, 0, 9])]"
57,"[array([0, 2, 7]), array([0, 3, 7]), array([-1,  4,  6])]"
58,"[array([2, 2, 9]), array([2, 1, 9]), array([3, 0, 8]), array([4, 1, 7]), array([4, 0, 7]), array([3, 1, 6]), array([2, 0, 9]), array([ 2, -1,  9])]"
59,"[array([0, 0, 9]), array([ 0, -1,  9])]"
60,"[array([2, 1, 6]), array([1, 1, 6]), array([2, 2, 9]), array([3, 3, 6]), array([2, 2, 9]), array([2, 1, 9]), array([3, 0, 8]), array([4, 1, 7]), array([5, 0, 6])]"
61,"[array([0, 0, 9]), array([-1,  1,  8])]"
62,"[array([2, 0, 7]), array([1, 1, 6]), array([0, 1, 6]), array([1, 0, 7]), array([2, 1, 8]), array([3, 2, 7]), array([4, 3, 8]), array([5, 2, 9])]"
63,"[array([0, 2, 7]), array([1, 3, 8]), array([2, 2, 9]), array([2, 3, 9]), array([3, 4, 6]), array([2, 5, 7])]"
64,"[array([0, 2, 7]), array([1, 3, 8]), array([2, 4, 7]), array([1, 3, 8]), array([2, 4, 7]), array([3, 5, 8])]"
65,"[array([2, 0, 7]), array([ 3, -1,  6])]"
66,"[array([0, 2, 7]), array([1, 3, 8]), array([2, 3, 8]), array([3, 2, 9]), array([3, 3, 9]), array([4, 4, 6]), array([3, 5, 7])]"
67,"[array([0, 2, 7]), array([1, 3, 8]), array([2, 2, 9]), array([3, 1, 8]), array([4, 0, 9]), array([ 3, -1,  6])]"
68,"[array([0, 2, 7]), array([-1,  1,  8])]"
69,"[array([0, 0, 9]), array([ 0, -1,  9])]"
70,"[array([2, 0, 7]), array([ 2, -1,  7])]"
71,"[array([2, 0, 7]), array([ 3, -1,  6])]"
72,"[array([2, 2, 9]), array([1, 1, 6]), array([0, 2, 7]), array([-1,  1,  8])]"
73,"[array([2, 0, 7]), array([ 1, -1,  8])]"
74,"[array([2, 0, 7]), array([ 1, -1,  8])]"
75,"[array([2, 2, 9]), array([3, 3, 6]), array([2, 3, 6]), array([1, 4, 7]), array([0, 3, 8]), array([-1,  3,  8])]"
76,"[array([0, 0, 9]), array([0, 1, 9]), array([1, 2, 6]), array([2, 3, 9]), array([1, 4, 8]), array([2, 3, 9]), array([3, 4, 6]), array([4, 3, 7]), array([5, 4, 8])]"
77,"[array([0, 2, 7]), array([0, 1, 7]), array([1, 0, 6]), array([0, 0, 6]), array([1, 0, 6]), array([ 2, -1,  7])]"
78,"[array([2, 0, 7]), array([ 1, -1,  8])]"
79,"[array([2, 2, 9]), array([2, 3, 9]), array([3, 4, 6]), array([4, 4, 6]), array([5, 3, 7])]"
80,"[array([0, 0, 9]), array([0, 1, 9]), array([1, 2, 6]), array([0, 2, 6]), array([-1,  2,  6])]"
81,"[array([0, 2, 7]), array([-1,  1,  8])]"
82,"[array([0, 0, 9]), array([0, 1, 9]), array([-1,  0,  6])]"
83,"[array([0, 1, 6]), array([-1,  1,  6])]"
84,"[array([2, 1, 6]), array([1, 0, 9]), array([1, 1, 9]), array([2, 2, 6]), array([3, 1, 7]), array([2, 0, 8]), array([1, 1, 9]), array([2, 2, 6]), array([3, 1, 7]), array([4, 0, 6])]"
85,"[array([0, 2, 7]), array([0, 3, 7]), array([0, 4, 7]), array([-1,  3,  8])]"
86,"[array([0, 0, 9]), array([1, 1, 6]), array([2, 0, 7]), array([ 2, -1,  7])]"
87,"[array([0, 1, 6]), array([1, 0, 7]), array([ 1, -1,  7])]"
88,"[array([2, 0, 7]), array([ 1, -1,  8])]"
89,"[array([2, 2, 9]), array([1, 3, 8]), array([0, 4, 9]), array([1, 5, 6])]"
90,"[array([2, 0, 7]), array([ 1, -1,  8])]"
91,"[array([2, 0, 7]), array([ 3, -1,  6])]"
92,"[array([0, 1, 6]), array([-1,  0,  9])]"
93,"[array([2, 2, 9]), array([3, 3, 6]), array([4, 2, 7]), array([4, 1, 7]), array([3, 2, 6]), array([2, 1, 9]), array([3, 0, 8]), array([4, 1, 7]), array([3, 0, 8]), array([2, 1, 9])]"
94,"[array([2, 0, 7]), array([ 3, -1,  6])]"
95,"[array([2, 0, 7]), array([ 1, -1,  8])]"
96,"[array([2, 0, 7]), array([ 1, -1,  8])]"
97,"[array([2, 0, 7]), array([ 1, -1,  8])]"
98,"[array([2, 2, 9]), array([3, 1, 8]), array([2, 2, 9]), array([2, 3, 9]), array([1, 2, 6]), array([0, 2, 6]), array([-1,  3,  7])]"
99,"[array([0, 1, 6]), array([1, 0, 7]), array([2, 1, 8]), array([3, 0, 9]), array([ 3, -1,  9])]"
100,"[array([0, 2, 7]), array([0, 1, 7]), array([1, 2, 8]), array([2, 1, 9]), array([1, 0, 6]), array([2, 1, 9]), array([3, 0, 8]), array([2, 0, 8]), array([1, 1, 9]), array([1, 2, 9])]"
101,"[array([0, 1, 6]), array([-1,  2,  7])]"
102,"[array([0, 1, 6]), array([-1,  1,  6])]"
103,"[array([0, 2, 7]), array([1, 1, 6]), array([0, 2, 7]), array([0, 1, 7]), array([1, 2, 8]), array([0, 2, 8]), array([1, 1, 9]), array([0, 2, 8]), array([-1,  1,  7])]"
104,"[array([0, 1, 6]), array([-1,  2,  7])]"
105,"[array([2, 1, 6]), array([1, 2, 7]), array([1, 3, 7]), array([0, 4, 6]), array([1, 4, 6]), array([2, 4, 6]), array([3, 3, 7]), array([4, 4, 8]), array([5, 3, 9])]"
106,"[array([2, 0, 7]), array([1, 1, 6]), array([2, 0, 7]), array([3, 1, 8]), array([2, 2, 9]), array([1, 3, 8]), array([2, 4, 7]), array([1, 5, 6])]"
107,"[array([0, 2, 7]), array([1, 3, 8]), array([2, 4, 7]), array([3, 5, 8])]"
108,"[array([2, 1, 6]), array([3, 2, 9]), array([2, 1, 6]), array([1, 2, 7]), array([2, 3, 8]), array([3, 2, 9]), array([2, 3, 8]), array([3, 4, 7]), array([4, 5, 8])]"
109,"[array([0, 2, 7]), array([-1,  1,  8])]"
110,"[array([2, 1, 6]), array([3, 2, 9]), array([3, 1, 9]), array([3, 2, 9]), array([2, 1, 6]), array([1, 2, 7]), array([0, 1, 8]), array([-1,  0,  7])]"
111,"[array([2, 0, 7]), array([3, 1, 8]), array([2, 2, 9]), array([1, 1, 6]), array([0, 0, 9]), array([0, 1, 9]), array([-1,  0,  6])]"
112,"[array([0, 1, 6]), array([-1,  2,  7])]"
113,"[array([0, 2, 7]), array([0, 3, 7]), array([1, 4, 8]), array([0, 4, 8]), array([-1,  3,  7])]"
114,"[array([2, 1, 6]), array([1, 1, 6]), array([0, 1, 6]), array([-1,  1,  6])]"
115,"[array([0, 0, 9]), array([ 0, -1,  9])]"
116,"[array([0, 1, 6]), array([1, 1, 6]), array([0, 1, 6]), array([-1,  0,  9])]"
117,"[array([0, 1, 6]), array([-1,  1,  6])]"
118,"[array([0, 2, 7]), array([0, 3, 7]), array([0, 4, 7]), array([0, 5, 7])]"
119,"[array([2, 2, 9]), array([1, 3, 8]), array([2, 4, 7]), array([3, 3, 6]), array([2, 2, 9]), array([2, 1, 9]), array([2, 0, 9]), array([1, 1, 8]), array([0, 0, 7]), array([-1,  1,  6])]"
120,"[array([2, 0, 7]), array([2, 1, 7]), array([1, 2, 6]), array([2, 2, 6]), array([3, 1, 7]), array([4, 0, 6]), array([3, 1, 7]), array([4, 0, 6]), array([ 3, -1,  9])]"
121,"[array([0, 0, 9]), array([-1,  1,  8])]"
122,"[array([2, 0, 7]), array([ 3, -1,  6])]"
123,"[array([0, 1, 6]), array([1, 2, 9]), array([0, 1, 6]), array([-1,  0,  9])]"
124,"[array([0, 0, 9]), array([-1,  1,  8])]"
125,"[array([2, 2, 9]), array([1, 1, 6]), array([2, 2, 9]), array([1, 1, 6]), array([2, 2, 9]), array([1, 3, 8]), array([2, 4, 7]), array([3, 3, 6]), array([4, 4, 9]), array([4, 5, 9])]"
126,"[array([2, 1, 6]), array([3, 2, 9]), array([3, 3, 9]), array([3, 2, 9]), array([2, 3, 8]), array([3, 3, 8]), array([4, 4, 7]), array([5, 3, 6])]"
127,"[array([2, 2, 9]), array([1, 3, 8]), array([2, 2, 9]), array([2, 3, 9]), array([3, 2, 8]), array([4, 2, 8]), array([3, 1, 7]), array([4, 0, 6]), array([ 5, -1,  7])]"
128,"[array([2, 1, 6]), array([3, 0, 7]), array([ 2, -1,  8])]"
129,"[array([2, 0, 7]), array([ 3, -1,  6])]"
130,"[array([2, 2, 9]), array([3, 1, 8]), array([2, 0, 7]), array([ 3, -1,  6])]"
131,"[array([2, 2, 9]), array([1, 3, 8]), array([0, 2, 7]), array([1, 1, 6]), array([2, 2, 9]), array([1, 3, 8]), array([0, 2, 7]), array([1, 1, 6]), array([2, 2, 9]), array([1, 3, 8])]"
132,"[array([2, 2, 9]), array([1, 3, 8]), array([2, 2, 9]), array([3, 1, 8]), array([2, 0, 7]), array([3, 1, 8]), array([2, 2, 9]), array([1, 1, 6]), array([0, 2, 7]), array([1, 3, 8])]"
133,"[array([0, 0, 9]), array([-1, -1,  6])]"
134,"[array([2, 2, 9]), array([2, 3, 9]), array([3, 4, 6]), array([2, 5, 7])]"
135,"[array([0, 2, 7]), array([1, 3, 8]), array([2, 2, 9]), array([2, 1, 9]), array([1, 0, 6]), array([0, 1, 7]), array([-1,  2,  6])]"
136,"[array([2, 1, 6]), array([3, 2, 9]), array([2, 1, 6]), array([1, 2, 7]), array([2, 3, 8]), array([3, 2, 9]), array([3, 1, 9]), array([2, 0, 6]), array([1, 1, 7]), array([2, 2, 8])]"
137,"[array([0, 0, 9]), array([-1, -1,  6])]"
138,"[array([2, 1, 6]), array([1, 2, 7]), array([2, 3, 8]), array([3, 3, 8]), array([2, 3, 8]), array([3, 2, 9]), array([4, 3, 6]), array([3, 4, 7]), array([4, 5, 8])]"
139,"[array([2, 2, 9]), array([1, 1, 6]), array([0, 1, 6]), array([-1,  2,  7])]"
140,"[array([0, 1, 6]), array([-1,  2,  7])]"
141,"[array([0, 1, 6]), array([1, 1, 6]), array([2, 2, 9]), array([3, 1, 8]), array([2, 1, 8]), array([3, 2, 7]), array([4, 1, 6]), array([3, 1, 6]), array([4, 2, 9]), array([4, 1, 9])]"
142,"[array([2, 0, 7]), array([2, 1, 7]), array([1, 2, 6]), array([2, 1, 7]), array([1, 2, 6]), array([0, 1, 9]), array([0, 2, 9]), array([0, 3, 9]), array([1, 2, 8]), array([2, 1, 9])]"
143,"[array([0, 0, 9]), array([ 1, -1,  8])]"
144,"[array([0, 0, 9]), array([ 1, -1,  8])]"
145,"[array([0, 0, 9]), array([ 1, -1,  8])]"
146,"[array([0, 0, 9]), array([-1, -1,  6])]"
147,"[array([0, 0, 9]), array([-1, -1,  6])]"
148,"[array([2, 1, 6]), array([3, 1, 6]), array([2, 2, 7]), array([1, 3, 6]), array([0, 2, 9]), array([1, 1, 8]), array([2, 2, 7]), array([1, 3, 6]), array([0, 3, 6]), array([1, 2, 7])]"
149,"[array([0, 1, 6]), array([-1,  0,  9])]"
150,"[array([0, 1, 6]), array([-1,  2,  7])]"
151,"[array([0, 2, 7]), array([0, 3, 7]), array([0, 4, 7]), array([1, 5, 8])]"
152,"[array([2, 1, 6]), array([1, 1, 6]), array([0, 1, 6]), array([-1,  1,  6])]"
153,"[array([2, 2, 9]), array([2, 1, 9]), array([2, 2, 9]), array([3, 1, 8]), array([4, 1, 8]), array([5, 0, 9])]"
154,"[array([0, 1, 6]), array([1, 1, 6]), array([2, 1, 6]), array([1, 1, 6]), array([0, 1, 6]), array([-1,  0,  9])]"
155,"[array([0, 1, 6]), array([-1,  1,  6])]"
156,"[array([0, 1, 6]), array([1, 1, 6]), array([0, 1, 6]), array([-1,  1,  6])]"
157,"[array([0, 1, 6]), array([-1,  1,  6])]"
158,"[array([0, 1, 6]), array([-1,  1,  6])]"
159,"[array([0, 1, 6]), array([-1,  1,  6])]"
160,"[array([2, 0, 7]), array([2, 1, 7]), array([2, 2, 7]), array([1, 1, 8]), array([2, 1, 8]), array([3, 1, 8]), array([2, 2, 9]), array([3, 3, 6]), array([4, 3, 6]), array([3, 4, 7])]"
161,"[array([0, 2, 7]), array([1, 3, 8]), array([2, 2, 9]), array([1, 1, 6]), array([0, 2, 7]), array([1, 3, 8]), array([2, 2, 9]), array([2, 1, 9]), array([3, 0, 8]), array([ 4, -1,  9])]"
162,"[array([2, 2, 9]), array([1, 1, 6]), array([0, 2, 7]), array([0, 3, 7]), array([1, 4, 8]), array([0, 4, 8]), array([1, 5, 7])]"
163,"[array([0, 2, 7]), array([1, 3, 8]), array([2, 2, 9]), array([1, 1, 6]), array([2, 0, 7]), array([ 1, -1,  8])]"
164,"[array([2, 0, 7]), array([ 3, -1,  6])]"
165,"[array([2, 0, 7]), array([3, 1, 8]), array([4, 0, 9]), array([ 4, -1,  9])]"
166,"[array([2, 0, 7]), array([ 1, -1,  8])]"
167,"[array([0, 2, 7]), array([-1,  1,  8])]"
168,"[array([0, 0, 9]), array([ 0, -1,  9])]"
169,"[array([2, 0, 7]), array([ 1, -1,  8])]"
170,"[array([2, 0, 7]), array([ 3, -1,  6])]"
171,"[array([2, 0, 7]), array([2, 1, 7]), array([1, 0, 8]), array([ 0, -1,  7])]"
172,"[array([2, 0, 7]), array([1, 1, 6]), array([0, 2, 7]), array([1, 3, 8]), array([2, 2, 9]), array([1, 1, 6]), array([2, 1, 6]), array([1, 2, 7]), array([2, 3, 8]), array([3, 2, 9])]"
173,"[array([0, 0, 9]), array([-1, -1,  6])]"
174,"[array([0, 0, 9]), array([-1, -1,  6])]"
175,"[array([0, 2, 7]), array([1, 3, 8]), array([2, 2, 9]), array([3, 3, 6]), array([2, 4, 7]), array([3, 5, 8])]"
176,"[array([0, 2, 7]), array([1, 3, 8]), array([2, 3, 8]), array([1, 4, 9]), array([0, 3, 6]), array([1, 2, 7]), array([2, 3, 8]), array([3, 2, 9]), array([2, 1, 6]), array([1, 2, 7])]"
177,"[array([0, 1, 6]), array([-1,  2,  7])]"
178,"[array([0, 1, 6]), array([-1,  2,  7])]"
179,"[array([0, 1, 6]), array([-1,  2,  7])]"
180,"[array([2, 0, 7]), array([3, 1, 8]), array([2, 1, 8]), array([1, 2, 9]), array([2, 3, 6]), array([1, 4, 7]), array([2, 5, 8])]"
181,"[array([2, 1, 6]), array([1, 1, 6]), array([2, 2, 9]), array([1, 3, 8]), array([0, 2, 7]), array([-1,  3,  6])]"
182,"[array([2, 2, 9]), array([3, 1, 8]), array([2, 0, 7]), array([ 3, -1,  6])]"
183,"[array([2, 2, 9]), array([1, 3, 8]), array([0, 2, 7]), array([1, 1, 6]), array([2, 2, 9]), array([2, 3, 9]), array([1, 4, 8]), array([0, 3, 7]), array([0, 4, 7]), array([1, 5, 8])]"
184,"[array([2, 2, 9]), array([3, 3, 6]), array([2, 4, 7]), array([3, 5, 8])]"
185,"[array([0, 2, 7]), array([1, 3, 8]), array([2, 3, 8]), array([1, 3, 8]), array([2, 2, 9]), array([1, 1, 6]), array([2, 2, 9]), array([2, 3, 9]), array([1, 2, 6]), array([0, 1, 9])]"
186,"[array([0, 1, 6]), array([-1,  2,  7])]"
187,"[array([0, 2, 7]), array([0, 1, 7]), array([-1,  0,  8])]"
188,"[array([2, 0, 7]), array([ 3, -1,  6])]"
189,"[array([2, 2, 9]), array([1, 1, 6]), array([0, 2, 7]), array([1, 3, 8]), array([2, 2, 9]), array([1, 1, 6]), array([0, 2, 7]), array([1, 1, 6]), array([0, 2, 7]), array([1, 3, 8])]"
190,"[array([0, 2, 7]), array([1, 3, 8]), array([0, 3, 8]), array([1, 4, 7]), array([2, 5, 8])]"
191,"[array([2, 2, 9]), array([3, 1, 8]), array([4, 0, 9]), array([ 3, -1,  6])]"
192,"[array([0, 2, 7]), array([0, 1, 7]), array([1, 2, 8]), array([2, 1, 9]), array([3, 2, 6]), array([2, 3, 7]), array([3, 4, 8])]"
193,"[array([0, 2, 7]), array([1, 3, 8]), array([2, 2, 9]), array([2, 3, 9]), array([1, 2, 6]), array([0, 2, 6]), array([-1,  3,  7])]"
194,"[array([0, 2, 7]), array([1, 3, 8]), array([2, 2, 9]), array([1, 1, 6]), array([0, 2, 7]), array([-1,  1,  8])]"
195,"[array([0, 0, 9]), array([-1, -1,  6])]"
196,"[array([0, 2, 7]), array([-1,  3,  6])]"
197,"[array([0, 2, 7]), array([0, 1, 7]), array([1, 2, 8]), array([2, 1, 9]), array([1, 0, 6]), array([0, 1, 7]), array([1, 0, 6]), array([2, 0, 6]), array([1, 1, 7]), array([2, 2, 8])]"
198,"[array([0, 2, 7]), array([1, 3, 8]), array([2, 2, 9]), array([1, 1, 6]), array([2, 1, 6]), array([1, 2, 7]), array([2, 3, 8]), array([1, 3, 8]), array([2, 2, 9]), array([1, 1, 6])]"
199,"[array([0, 2, 7]), array([1, 3, 8]), array([2, 2, 9]), array([3, 1, 8]), array([4, 0, 9]), array([ 4, -1,  9])]"
200,"[array([0, 1, 6]), array([-1,  2,  7])]"
201,"[array([0, 2, 7]), array([-1,  1,  8])]"
202,"[array([0, 2, 7]), array([0, 1, 7]), array([-1,  2,  6])]"
203,"[array([0, 2, 7]), array([1, 3, 8]), array([2, 2, 9]), array([3, 3, 6]), array([2, 2, 9]), array([1, 1, 6]), array([0, 2, 7]), array([1, 3, 8]), array([0, 4, 9]), array([-1,  3,  6])]"
204,"[array([0, 2, 7]), array([1, 3, 8]), array([0, 4, 9]), array([-1,  3,  6])]"
205,"[array([2, 1, 6]), array([1, 2, 7]), array([0, 1, 8]), array([-1,  2,  9])]"
206,"[array([0, 2, 7]), array([-1,  3,  6])]"
207,"[array([2, 1, 6]), array([1, 0, 9]), array([ 0, -1,  6])]"
208,"[array([0, 0, 9]), array([ 1, -1,  8])]"
209,"[array([0, 2, 7]), array([0, 1, 7]), array([1, 2, 8]), array([2, 1, 9]), array([1, 0, 6]), array([0, 0, 6]), array([-1, -1,  9])]"
210,"[array([0, 2, 7]), array([1, 1, 6]), array([0, 2, 7]), array([1, 3, 8]), array([2, 4, 7]), array([3, 5, 8])]"
211,"[array([0, 2, 7]), array([1, 1, 6]), array([0, 2, 7]), array([1, 3, 8]), array([0, 2, 7]), array([1, 3, 8]), array([2, 2, 9]), array([1, 1, 6]), array([2, 2, 9]), array([1, 1, 6])]"
212,"[array([0, 2, 7]), array([1, 3, 8]), array([2, 2, 9]), array([1, 1, 6]), array([0, 2, 7]), array([1, 3, 8]), array([2, 2, 9]), array([1, 1, 6]), array([0, 2, 7]), array([-1,  3,  6])]"
213,"[array([0, 2, 7]), array([-1,  1,  8])]"
214,"[array([0, 2, 7]), array([1, 3, 8]), array([2, 2, 9]), array([1, 1, 6]), array([0, 2, 7]), array([1, 3, 8]), array([2, 2, 9]), array([1, 1, 6]), array([2, 0, 7]), array([ 1, -1,  8])]"
215,"[array([2, 0, 7]), array([ 1, -1,  8])]"
216,"[array([2, 0, 7]), array([ 2, -1,  7])]"
217,"[array([2, 2, 9]), array([2, 3, 9]), array([1, 2, 6]), array([2, 1, 7]), array([1, 0, 8]), array([0, 1, 9]), array([0, 2, 9]), array([1, 3, 6]), array([0, 4, 7]), array([1, 5, 8])]"
218,"[array([2, 0, 7]), array([ 1, -1,  8])]"
219,"[array([2, 0, 7]), array([ 1, -1,  8])]"
220,"[array([0, 2, 7]), array([-1,  1,  8])]"
221,"[array([2, 1, 6]), array([3, 0, 7]), array([ 4, -1,  6])]"
222,"[array([2, 0, 7]), array([ 3, -1,  6])]"
223,"[array([2, 0, 7]), array([ 1, -1,  8])]"
224,"[array([2, 0, 7]), array([ 1, -1,  8])]"
225,"[array([2, 0, 7]), array([ 1, -1,  8])]"
226,"[array([0, 1, 6]), array([-1,  0,  9])]"
227,"[array([0, 0, 9]), array([1, 1, 6]), array([2, 0, 7]), array([ 1, -1,  8])]"
228,"[array([2, 0, 7]), array([ 1, -1,  8])]"
229,"[array([2, 1, 6]), array([3, 0, 7]), array([2, 1, 6]), array([3, 0, 7]), array([ 4, -1,  6])]"
230,"[array([2, 2, 9]), array([1, 3, 8]), array([0, 2, 7]), array([1, 3, 8]), array([0, 2, 7]), array([0, 1, 7]), array([1, 0, 6]), array([2, 1, 9]), array([1, 2, 8]), array([0, 1, 7])]"
231,"[array([2, 2, 9]), array([1, 3, 8]), array([0, 2, 7]), array([1, 1, 6]), array([2, 2, 9]), array([2, 3, 9]), array([1, 4, 8]), array([2, 3, 9]), array([1, 4, 8]), array([2, 5, 7])]"
232,"[array([2, 2, 9]), array([2, 1, 9]), array([1, 2, 8]), array([0, 1, 7]), array([-1,  0,  8])]"
233,"[array([2, 0, 7]), array([ 3, -1,  6])]"
234,"[array([2, 2, 9]), array([1, 3, 8]), array([2, 2, 9]), array([2, 3, 9]), array([1, 2, 6]), array([0, 3, 7]), array([1, 4, 8]), array([2, 3, 9]), array([1, 2, 6]), array([0, 3, 7])]"
235,"[array([0, 2, 7]), array([-1,  1,  8])]"
236,"[array([0, 2, 7]), array([-1,  1,  8])]"
237,"[array([2, 0, 7]), array([3, 1, 8]), array([2, 0, 7]), array([3, 1, 8]), array([2, 0, 7]), array([3, 1, 8]), array([4, 0, 9]), array([3, 1, 8]), array([4, 0, 9]), array([ 3, -1,  6])]"
238,"[array([0, 2, 7]), array([1, 3, 8]), array([2, 2, 9]), array([1, 1, 6]), array([0, 1, 6]), array([-1,  1,  6])]"
239,"[array([0, 2, 7]), array([0, 1, 7]), array([1, 2, 8]), array([2, 1, 9]), array([1, 0, 6]), array([0, 0, 6]), array([-1, -1,  9])]"
240,"[array([0, 2, 7]), array([1, 3, 8]), array([2, 2, 9]), array([1, 1, 6]), array([0, 1, 6]), array([-1,  2,  7])]"
241,"[array([2, 2, 9]), array([1, 1, 6]), array([0, 2, 7]), array([-1,  3,  6])]"
242,"[array([0, 2, 7]), array([1, 3, 8]), array([2, 4, 7]), array([3, 3, 6]), array([4, 3, 6]), array([5, 2, 7])]"
243,"[array([0, 2, 7]), array([1, 3, 8]), array([0, 4, 9]), array([-1,  3,  6])]"
244,"[array([0, 2, 7]), array([1, 1, 6]), array([0, 1, 6]), array([-1,  1,  6])]"
245,"[array([2, 0, 7]), array([ 2, -1,  7])]"
246,"[array([0, 1, 6]), array([1, 0, 7]), array([ 2, -1,  6])]"
247,"[array([0, 1, 6]), array([1, 2, 9]), array([1, 1, 9]), array([1, 0, 9]), array([ 1, -1,  9])]"
248,"[array([0, 1, 6]), array([1, 2, 9]), array([1, 1, 9]), array([1, 0, 9]), array([ 1, -1,  9])]"
249,"[array([0, 1, 6]), array([-1,  1,  6])]"
250,"[array([0, 2, 7]), array([0, 3, 7]), array([1, 4, 8]), array([0, 5, 9])]"
251,"[array([0, 1, 6]), array([-1,  1,  6])]"
252,"[array([0, 1, 6]), array([-1,  1,  6])]"
253,"[array([2, 2, 9]), array([2, 1, 9]), array([2, 0, 9]), array([ 2, -1,  9])]"
254,"[array([0, 1, 6]), array([-1,  2,  7])]"
255,"[array([0, 1, 6]), array([1, 0, 7]), array([1, 1, 7]), array([1, 2, 7]), array([0, 3, 6]), array([-1,  4,  7])]"
256,"[array([0, 0, 9]), array([ 1, -1,  8])]"
257,"[array([0, 1, 6]), array([-1,  0,  9])]"
258,"[array([0, 0, 9]), array([ 1, -1,  8])]"
259,"[array([0, 0, 9]), array([ 0, -1,  9])]"
260,"[array([0, 0, 9]), array([ 1, -1,  8])]"
261,"[array([2, 0, 7]), array([1, 1, 6]), array([0, 0, 9]), array([ 1, -1,  8])]"
262,"[array([0, 0, 9]), array([ 1, -1,  8])]"
263,"[array([0, 0, 9]), array([ 1, -1,  8])]"
264,"[array([0, 0, 9]), array([ 1, -1,  8])]"
265,"[array([0, 1, 6]), array([1, 0, 7]), array([0, 1, 6]), array([1, 2, 9]), array([0, 3, 8]), array([1, 4, 7]), array([2, 5, 8])]"
266,"[array([2, 2, 9]), array([1, 1, 6]), array([0, 2, 7]), array([0, 1, 7]), array([1, 2, 8]), array([2, 1, 9]), array([1, 2, 8]), array([2, 1, 9]), array([1, 0, 6]), array([2, 1, 9])]"
267,"[array([2, 1, 6]), array([1, 2, 7]), array([1, 3, 7]), array([2, 4, 8]), array([3, 4, 8])]"
268,"[array([0, 2, 7]), array([1, 3, 8]), array([2, 2, 9]), array([1, 1, 6]), array([0, 2, 7]), array([1, 3, 8]), array([2, 2, 9]), array([1, 1, 6]), array([2, 2, 9]), array([1, 1, 6])]"
269,"[array([0, 1, 6]), array([-1,  0,  9])]"
270,"[array([0, 2, 7]), array([0, 3, 7]), array([1, 4, 8]), array([2, 3, 9]), array([1, 2, 6]), array([0, 3, 7]), array([1, 4, 8]), array([2, 3, 9]), array([1, 2, 6]), array([0, 3, 7])]"
271,"[array([2, 2, 9]), array([2, 3, 9]), array([1, 4, 8]), array([2, 3, 9]), array([1, 2, 6]), array([0, 1, 9]), array([1, 2, 6]), array([2, 1, 7]), array([3, 2, 8]), array([4, 1, 9])]"
272,"[array([2, 1, 6]), array([1, 2, 7]), array([2, 3, 8]), array([3, 2, 9]), array([2, 1, 6]), array([1, 0, 9]), array([ 2, -1,  8])]"
273,"[array([2, 0, 7]), array([3, 1, 8]), array([4, 0, 9]), array([ 3, -1,  6])]"
274,"[array([0, 2, 7]), array([1, 3, 8]), array([2, 2, 9]), array([1, 1, 6]), array([0, 2, 7]), array([-1,  3,  6])]"
275,"[array([0, 2, 7]), array([1, 3, 8]), array([2, 2, 9]), array([2, 1, 9]), array([1, 0, 6]), array([0, 1, 7]), array([0, 2, 7]), array([1, 3, 8]), array([2, 2, 9]), array([1, 1, 6])]"
276,"[array([0, 2, 7]), array([1, 3, 8]), array([0, 2, 7]), array([1, 3, 8]), array([2, 2, 9]), array([1, 1, 6]), array([0, 2, 7]), array([1, 3, 8]), array([2, 2, 9]), array([1, 1, 6])]"
277,"[array([0, 1, 6]), array([-1,  1,  6])]"
278,"[array([0, 1, 6]), array([-1,  1,  6])]"
279,"[array([2, 0, 7]), array([2, 1, 7]), array([2, 2, 7]), array([2, 1, 7]), array([2, 2, 7]), array([3, 3, 8]), array([2, 4, 9]), array([3, 5, 6])]"
280,"[array([0, 2, 7]), array([1, 3, 8]), array([2, 2, 9]), array([1, 1, 6]), array([0, 2, 7]), array([0, 1, 7]), array([1, 2, 8]), array([0, 1, 7]), array([-1,  2,  6])]"
281,"[array([0, 2, 7]), array([1, 3, 8]), array([2, 2, 9]), array([2, 1, 9]), array([1, 0, 6]), array([0, 1, 7]), array([1, 2, 8]), array([2, 1, 9]), array([2, 0, 9]), array([ 2, -1,  9])]"
282,"[array([2, 1, 6]), array([1, 1, 6]), array([0, 2, 7]), array([-1,  3,  6])]"
283,"[array([0, 1, 6]), array([-1,  0,  9])]"
284,"[array([0, 1, 6]), array([-1,  1,  6])]"
285,"[array([0, 1, 6]), array([-1,  1,  6])]"
286,"[array([0, 2, 7]), array([0, 3, 7]), array([-1,  2,  8])]"
287,"[array([0, 1, 6]), array([-1,  1,  6])]"
288,"[array([0, 1, 6]), array([-1,  1,  6])]"
289,"[array([0, 1, 6]), array([-1,  1,  6])]"
290,"[array([0, 1, 6]), array([-1,  1,  6])]"
291,"[array([0, 1, 6]), array([-1,  1,  6])]"
292,"[array([0, 0, 9]), array([1, 1, 6]), array([0, 1, 6]), array([-1,  1,  6])]"
293,"[array([0, 1, 6]), array([1, 2, 9]), array([1, 1, 9]), array([1, 0, 9]), array([ 1, -1,  9])]"
294,"[array([0, 1, 6]), array([-1,  2,  7])]"
295,"[array([2, 2, 9]), array([1, 1, 6]), array([2, 2, 9]), array([1, 1, 6]), array([0, 0, 9]), array([ 1, -1,  8])]"
296,"[array([0, 1, 6]), array([-1,  1,  6])]"
297,"[array([0, 1, 6]), array([-1,  1,  6])]"
298,"[array([0, 1, 6]), array([-1,  1,  6])]"
299,"[array([0, 1, 6]), array([-1,  1,  6])]"
300,"[array([0, 2, 7]), array([1, 1, 6]), array([0, 1, 6]), array([-1,  2,  7])]"
301,"[array([0, 2, 7]), array([-1,  1,  8])]"
302,"[array([2, 0, 7]), array([3, 1, 8]), array([2, 0, 7]), array([3, 1, 8]), array([2, 2, 9]), array([1, 1, 6]), array([0, 2, 7]), array([1, 3, 8]), array([2, 2, 9]), array([1, 1, 6])]"
303,"[array([2, 1, 6]), array([1, 2, 7]), array([1, 3, 7]), array([2, 4, 8]), array([1, 4, 8]), array([2, 3, 9]), array([1, 2, 6]), array([0, 3, 7]), array([1, 4, 8]), array([2, 4, 8])]"
304,"[array([0, 2, 7]), array([1, 3, 8]), array([2, 2, 9]), array([1, 1, 6]), array([0, 2, 7]), array([1, 3, 8]), array([2, 2, 9]), array([1, 1, 6]), array([0, 2, 7]), array([1, 3, 8])]"
305,"[array([2, 2, 9]), array([3, 3, 6]), array([2, 4, 7]), array([2, 3, 7]), array([2, 2, 7]), array([3, 3, 8]), array([4, 2, 9]), array([4, 3, 9]), array([3, 2, 6]), array([4, 2, 6])]"
306,"[array([2, 2, 9]), array([2, 3, 9]), array([3, 2, 8]), array([2, 2, 8]), array([1, 2, 8]), array([0, 2, 8]), array([-1,  2,  8])]"
307,"[array([2, 0, 7]), array([ 2, -1,  7])]"
308,"[array([0, 0, 9]), array([0, 1, 9]), array([-1,  0,  6])]"
309,"[array([2, 1, 6]), array([3, 1, 6]), array([4, 1, 6]), array([5, 1, 6])]"
310,"[array([2, 1, 6]), array([3, 0, 7]), array([ 3, -1,  7])]"
311,"[array([0, 1, 6]), array([1, 1, 6]), array([2, 1, 6]), array([1, 1, 6]), array([2, 1, 6]), array([3, 2, 9]), array([3, 3, 9]), array([3, 4, 9]), array([3, 5, 9])]"
312,"[array([0, 1, 6]), array([1, 1, 6]), array([2, 1, 6]), array([3, 1, 6]), array([4, 2, 9]), array([4, 3, 9]), array([4, 4, 9]), array([4, 5, 9])]"
313,"[array([2, 1, 6]), array([3, 1, 6]), array([4, 1, 6]), array([5, 1, 6])]"
314,"[array([2, 1, 6]), array([3, 1, 6]), array([4, 1, 6]), array([5, 1, 6])]"
315,"[array([0, 1, 6]), array([1, 1, 6]), array([2, 1, 6]), array([3, 1, 6]), array([2, 1, 6]), array([1, 1, 6]), array([2, 2, 9]), array([2, 3, 9]), array([2, 4, 9]), array([2, 5, 9])]"
316,"[array([2, 1, 6]), array([3, 1, 6]), array([4, 1, 6]), array([5, 1, 6])]"
317,"[array([2, 1, 6]), array([3, 2, 9]), array([3, 3, 9]), array([3, 2, 9]), array([3, 3, 9]), array([3, 4, 9]), array([2, 3, 6]), array([3, 3, 6]), array([4, 3, 6]), array([5, 3, 6])]"
318,"[array([2, 1, 6]), array([3, 1, 6]), array([4, 1, 6]), array([5, 1, 6])]"
319,"[array([2, 1, 6]), array([3, 1, 6]), array([4, 1, 6]), array([3, 2, 7]), array([4, 3, 8]), array([3, 4, 9]), array([3, 3, 9]), array([4, 4, 6]), array([3, 5, 7])]"
320,"[array([0, 1, 6]), array([-1,  1,  6])]"
321,"[array([0, 1, 6]), array([1, 0, 7]), array([0, 1, 6]), array([1, 1, 6]), array([0, 0, 9]), array([ 1, -1,  8])]"
322,"[array([2, 0, 7]), array([1, 1, 6]), array([0, 2, 7]), array([0, 3, 7]), array([1, 4, 8]), array([2, 3, 9]), array([1, 2, 6]), array([0, 1, 9]), array([-1,  0,  6])]"
323,"[array([0, 2, 7]), array([-1,  1,  8])]"
324,"[array([2, 1, 6]), array([1, 0, 9]), array([ 1, -1,  9])]"
325,"[array([0, 2, 7]), array([0, 1, 7]), array([0, 0, 7]), array([0, 1, 7]), array([0, 2, 7]), array([0, 3, 7]), array([0, 4, 7]), array([0, 5, 7])]"
326,"[array([0, 1, 6]), array([-1,  1,  6])]"
327,"[array([0, 1, 6]), array([1, 1, 6]), array([0, 0, 9]), array([-1,  1,  8])]"
328,"[array([2, 2, 9]), array([1, 3, 8]), array([2, 2, 9]), array([1, 1, 6]), array([2, 2, 9]), array([2, 3, 9]), array([1, 4, 8]), array([0, 4, 8]), array([-1,  4,  8])]"
329,"[array([2, 1, 6]), array([3, 2, 9]), array([2, 3, 8]), array([1, 2, 7]), array([1, 3, 7]), array([1, 4, 7]), array([1, 5, 7])]"
330,"[array([2, 2, 9]), array([1, 3, 8]), array([0, 2, 7]), array([-1,  1,  8])]"
331,"[array([2, 2, 9]), array([1, 1, 6]), array([2, 2, 9]), array([1, 3, 8]), array([0, 4, 9]), array([-1,  3,  6])]"
332,"[array([2, 2, 9]), array([3, 3, 6]), array([4, 4, 9]), array([4, 5, 9])]"
333,"[array([2, 2, 9]), array([3, 1, 8]), array([2, 2, 9]), array([3, 3, 6]), array([2, 2, 9]), array([3, 3, 6]), array([4, 2, 7]), array([3, 1, 8]), array([2, 1, 8]), array([1, 0, 7])]"
334,"[array([2, 2, 9]), array([3, 3, 6]), array([4, 2, 7]), array([3, 1, 8]), array([2, 2, 9]), array([3, 3, 6]), array([4, 2, 7]), array([3, 1, 8]), array([2, 2, 9]), array([2, 1, 9])]"
335,"[array([2, 2, 9]), array([3, 3, 6]), array([4, 2, 7]), array([3, 1, 8]), array([2, 2, 9]), array([3, 3, 6]), array([4, 2, 7]), array([4, 3, 7]), array([4, 2, 7]), array([5, 3, 8])]"
336,"[array([2, 2, 9]), array([1, 3, 8]), array([2, 4, 7]), array([1, 3, 8]), array([0, 4, 9]), array([1, 5, 6])]"
337,"[array([0, 0, 9]), array([-1,  1,  8])]"
338,"[array([2, 2, 9]), array([1, 3, 8]), array([0, 2, 7]), array([1, 1, 6]), array([2, 2, 9]), array([1, 1, 6]), array([2, 2, 9]), array([1, 3, 8]), array([2, 3, 8]), array([3, 3, 8])]"
339,"[array([2, 2, 9]), array([2, 1, 9]), array([1, 2, 8]), array([0, 1, 7]), array([1, 2, 8]), array([0, 3, 9]), array([-1,  4,  8])]"
340,"[array([2, 2, 9]), array([3, 3, 6]), array([2, 4, 7]), array([1, 3, 8]), array([0, 4, 9]), array([1, 5, 6])]"
341,"[array([2, 2, 9]), array([3, 3, 6]), array([4, 2, 7]), array([3, 1, 8]), array([2, 0, 7]), array([ 3, -1,  6])]"
342,"[array([2, 2, 9]), array([2, 1, 9]), array([2, 2, 9]), array([2, 3, 9]), array([3, 4, 6]), array([4, 3, 7]), array([3, 2, 8]), array([2, 2, 8]), array([1, 2, 8]), array([0, 2, 8])]"
343,"[array([2, 2, 9]), array([3, 3, 6]), array([4, 2, 7]), array([3, 1, 8]), array([2, 1, 8]), array([1, 0, 7]), array([ 2, -1,  6])]"
344,"[array([2, 2, 9]), array([1, 1, 6]), array([2, 2, 9]), array([3, 3, 6]), array([4, 2, 7]), array([4, 3, 7]), array([4, 2, 7]), array([4, 1, 7]), array([4, 0, 7]), array([ 5, -1,  6])]"
345,"[array([2, 1, 6]), array([3, 0, 7]), array([ 3, -1,  7])]"
346,"[array([2, 0, 7]), array([ 1, -1,  8])]"
347,"[array([2, 0, 7]), array([ 3, -1,  6])]"
348,"[array([2, 2, 9]), array([1, 3, 8]), array([0, 4, 9]), array([0, 5, 9])]"
349,"[array([2, 2, 9]), array([2, 3, 9]), array([3, 4, 6]), array([4, 3, 7]), array([4, 4, 7]), array([3, 3, 8]), array([2, 3, 8]), array([1, 3, 8]), array([2, 3, 8]), array([3, 4, 7])]"
350,"[array([2, 1, 6]), array([3, 1, 6]), array([2, 0, 9]), array([1, 1, 8]), array([0, 0, 7]), array([ 0, -1,  7])]"
351,"[array([2, 1, 6]), array([3, 1, 6]), array([4, 1, 6]), array([5, 1, 6])]"
352,"[array([2, 1, 6]), array([3, 1, 6]), array([4, 0, 7]), array([ 5, -1,  6])]"
353,"[array([0, 0, 9]), array([-1,  1,  8])]"
354,"[array([0, 2, 7]), array([0, 1, 7]), array([1, 0, 6]), array([2, 1, 9]), array([1, 2, 8]), array([0, 3, 9]), array([1, 2, 8]), array([2, 1, 9]), array([1, 2, 8]), array([0, 2, 8])]"
355,"[array([2, 2, 9]), array([3, 3, 6]), array([4, 2, 7]), array([3, 1, 8]), array([2, 0, 7]), array([ 3, -1,  6])]"
356,"[array([0, 0, 9]), array([-1, -1,  6])]"
357,"[array([2, 2, 9]), array([1, 3, 8]), array([0, 2, 7]), array([1, 1, 6]), array([2, 2, 9]), array([1, 3, 8]), array([0, 2, 7]), array([1, 1, 6]), array([2, 2, 9]), array([1, 3, 8])]"
358,"[array([2, 2, 9]), array([1, 3, 8]), array([0, 4, 9]), array([1, 3, 8]), array([0, 4, 9]), array([0, 3, 9]), array([0, 4, 9]), array([0, 5, 9])]"
359,"[array([2, 1, 6]), array([1, 2, 7]), array([1, 1, 7]), array([2, 0, 6]), array([3, 1, 9]), array([2, 2, 8]), array([3, 2, 8]), array([4, 2, 8]), array([5, 2, 8])]"
360,"[array([2, 2, 9]), array([1, 3, 8]), array([2, 3, 8]), array([3, 2, 9]), array([2, 3, 8]), array([1, 4, 9]), array([2, 5, 6])]"
361,"[array([2, 2, 9]), array([1, 1, 6]), array([2, 2, 9]), array([3, 3, 6]), array([4, 2, 7]), array([3, 3, 6]), array([2, 3, 6]), array([1, 3, 6]), array([0, 3, 6]), array([1, 2, 7])]"
362,"[array([2, 2, 9]), array([2, 3, 9]), array([1, 4, 8]), array([0, 5, 9])]"
363,"[array([2, 1, 6]), array([3, 2, 9]), array([4, 3, 6]), array([3, 3, 6]), array([4, 2, 7]), array([5, 1, 6])]"
364,"[array([2, 2, 9]), array([3, 3, 6]), array([2, 4, 7]), array([1, 3, 8]), array([0, 4, 9]), array([1, 5, 6])]"
365,"[array([2, 2, 9]), array([1, 1, 6]), array([0, 2, 7]), array([1, 3, 8]), array([0, 4, 9]), array([1, 5, 6])]"
366,"[array([0, 0, 9]), array([-1,  1,  8])]"
367,"[array([0, 1, 6]), array([1, 2, 9]), array([0, 3, 8]), array([1, 2, 9]), array([0, 3, 8]), array([1, 2, 9]), array([0, 3, 8]), array([-1,  2,  7])]"
368,"[array([2, 2, 9]), array([1, 3, 8]), array([2, 3, 8]), array([3, 3, 8]), array([2, 4, 9]), array([3, 5, 6])]"
369,"[array([2, 2, 9]), array([1, 3, 8]), array([0, 4, 9]), array([1, 3, 8]), array([2, 4, 7]), array([1, 5, 6])]"
370,"[array([0, 0, 9]), array([-1,  1,  8])]"
371,"[array([2, 2, 9]), array([1, 3, 8]), array([0, 4, 9]), array([0, 3, 9]), array([-1,  4,  8])]"
372,"[array([2, 2, 9]), array([2, 1, 9]), array([1, 2, 8]), array([0, 1, 7]), array([1, 0, 6]), array([2, 1, 9]), array([1, 2, 8]), array([0, 3, 9]), array([-1,  4,  8])]"
373,"[array([2, 2, 9]), array([2, 1, 9]), array([1, 2, 8]), array([0, 2, 8]), array([-1,  1,  7])]"
374,"[array([2, 2, 9]), array([3, 1, 8]), array([2, 0, 7]), array([ 3, -1,  6])]"
375,"[array([0, 1, 6]), array([1, 2, 9]), array([0, 3, 8]), array([-1,  2,  7])]"
376,"[array([2, 2, 9]), array([1, 1, 6]), array([2, 2, 9]), array([2, 3, 9]), array([2, 4, 9]), array([2, 5, 9])]"
377,"[array([2, 0, 7]), array([ 3, -1,  6])]"
378,"[array([2, 2, 9]), array([2, 3, 9]), array([2, 4, 9]), array([2, 5, 9])]"
379,"[array([2, 2, 9]), array([2, 3, 9]), array([2, 4, 9]), array([3, 3, 8]), array([2, 2, 7]), array([2, 1, 7]), array([1, 2, 6]), array([2, 2, 6]), array([3, 2, 6]), array([4, 1, 7])]"
380,"[array([2, 2, 9]), array([2, 3, 9]), array([3, 2, 8]), array([4, 1, 9]), array([5, 2, 6])]"
381,"[array([0, 2, 7]), array([0, 1, 7]), array([0, 0, 7]), array([ 1, -1,  6])]"
382,"[array([2, 1, 6]), array([3, 1, 6]), array([4, 1, 6]), array([3, 2, 7]), array([2, 1, 8]), array([3, 0, 9]), array([2, 1, 8]), array([1, 0, 7]), array([ 2, -1,  6])]"
383,"[array([2, 2, 9]), array([1, 3, 8]), array([0, 3, 8]), array([1, 2, 9]), array([2, 3, 6]), array([1, 2, 9]), array([0, 3, 8]), array([-1,  2,  7])]"
384,"[array([2, 2, 9]), array([1, 3, 8]), array([0, 3, 8]), array([-1,  2,  7])]"
385,"[array([2, 2, 9]), array([1, 3, 8]), array([0, 3, 8]), array([-1,  3,  8])]"
386,"[array([2, 2, 9]), array([2, 3, 9]), array([2, 4, 9]), array([2, 5, 9])]"
387,"[array([2, 2, 9]), array([1, 3, 8]), array([0, 2, 7]), array([1, 1, 6]), array([2, 2, 9]), array([1, 3, 8]), array([0, 2, 7]), array([1, 1, 6]), array([2, 2, 9]), array([2, 3, 9])]"
388,"[array([2, 2, 9]), array([1, 1, 6]), array([2, 2, 9]), array([2, 3, 9]), array([2, 4, 9]), array([3, 5, 6])]"
389,"[array([2, 2, 9]), array([2, 3, 9]), array([2, 4, 9]), array([2, 5, 9])]"
390,"[array([2, 2, 9]), array([2, 3, 9]), array([1, 4, 8]), array([2, 5, 7])]"
391,"[array([2, 2, 9]), array([2, 3, 9]), array([3, 2, 8]), array([2, 2, 8]), array([1, 2, 8]), array([0, 1, 7]), array([1, 2, 8]), array([0, 1, 7]), array([1, 0, 6]), array([2, 1, 9])]"
392,"[array([2, 2, 9]), array([2, 3, 9]), array([2, 4, 9]), array([2, 5, 9])]"
393,"[array([2, 2, 9]), array([2, 3, 9]), array([2, 4, 9]), array([2, 5, 9])]"
394,"[array([2, 2, 9]), array([2, 3, 9]), array([2, 4, 9]), array([2, 5, 9])]"
395,"[array([2, 2, 9]), array([2, 1, 9]), array([1, 2, 8]), array([0, 1, 7]), array([-1,  2,  6])]"
396,"[array([2, 2, 9]), array([2, 3, 9]), array([2, 4, 9]), array([2, 5, 9])]"
397,"[array([2, 2, 9]), array([2, 3, 9]), array([2, 4, 9]), array([2, 5, 9])]"
398,"[array([2, 2, 9]), array([2, 3, 9]), array([2, 4, 9]), array([2, 5, 9])]"
399,"[array([2, 2, 9]), array([3, 3, 6]), array([4, 2, 7]), array([3, 1, 8]), array([2, 2, 9]), array([3, 3, 6]), array([4, 2, 7]), array([3, 1, 8]), array([2, 2, 9]), array([3, 3, 6])]"
400,"[array([2, 1, 6]), array([3, 0, 7]), array([ 4, -1,  6])]"
401,"[array([2, 2, 9]), array([3, 3, 6]), array([4, 2, 7]), array([5, 1, 6])]"
402,"[array([2, 1, 6]), array([1, 2, 7]), array([0, 1, 8]), array([1, 0, 9]), array([0, 1, 8]), array([-1,  0,  7])]"
403,"[array([2, 0, 7]), array([ 3, -1,  6])]"
404,"[array([2, 1, 6]), array([3, 0, 7]), array([ 4, -1,  6])]"
405,"[array([2, 1, 6]), array([1, 1, 6]), array([2, 1, 6]), array([3, 1, 6]), array([2, 0, 9]), array([1, 1, 8]), array([0, 0, 7]), array([ 1, -1,  6])]"
406,"[array([2, 2, 9]), array([2, 3, 9]), array([2, 4, 9]), array([2, 5, 9])]"
407,"[array([2, 2, 9]), array([3, 1, 8]), array([4, 2, 7]), array([3, 3, 6]), array([4, 3, 6]), array([3, 2, 9]), array([4, 1, 8]), array([5, 2, 7])]"
408,"[array([0, 0, 9]), array([-1,  1,  8])]"
409,"[array([0, 0, 9]), array([-1, -1,  6])]"
410,"[array([0, 1, 6]), array([-1,  2,  7])]"
411,"[array([0, 0, 9]), array([ 1, -1,  8])]"
412,"[array([0, 2, 7]), array([0, 3, 7]), array([1, 4, 8]), array([0, 4, 8]), array([-1,  4,  8])]"
413,"[array([2, 1, 6]), array([3, 1, 6]), array([4, 1, 6]), array([3, 2, 7]), array([2, 1, 8]), array([1, 2, 9]), array([0, 3, 8]), array([-1,  2,  7])]"
414,"[array([2, 2, 9]), array([1, 3, 8]), array([0, 2, 7]), array([1, 1, 6]), array([2, 2, 9]), array([3, 3, 6]), array([4, 3, 6]), array([5, 4, 9])]"
415,"[array([2, 2, 9]), array([1, 3, 8]), array([0, 3, 8]), array([-1,  3,  8])]"
416,"[array([2, 2, 9]), array([2, 3, 9]), array([3, 2, 8]), array([2, 2, 8]), array([3, 3, 7]), array([2, 4, 6]), array([3, 4, 6]), array([4, 4, 6]), array([3, 3, 9]), array([4, 2, 8])]"
417,"[array([2, 2, 9]), array([1, 3, 8]), array([0, 2, 7]), array([1, 1, 6]), array([2, 2, 9]), array([1, 3, 8]), array([0, 2, 7]), array([1, 1, 6]), array([2, 2, 9]), array([2, 3, 9])]"
418,"[array([2, 2, 9]), array([2, 3, 9]), array([2, 4, 9]), array([2, 5, 9])]"
419,"[array([2, 2, 9]), array([2, 3, 9]), array([2, 4, 9]), array([2, 5, 9])]"
420,"[array([2, 2, 9]), array([2, 3, 9]), array([2, 4, 9]), array([2, 5, 9])]"
421,"[array([2, 2, 9]), array([2, 3, 9]), array([3, 4, 6]), array([4, 3, 7]), array([4, 2, 7]), array([4, 1, 7]), array([5, 2, 8])]"
422,"[array([2, 2, 9]), array([2, 3, 9]), array([2, 4, 9]), array([3, 5, 6])]"
423,"[array([2, 2, 9]), array([2, 3, 9]), array([3, 4, 6]), array([4, 5, 9])]"
424,"[array([0, 0, 9]), array([-1,  1,  8])]"
425,"[array([2, 2, 9]), array([1, 3, 8]), array([0, 3, 8]), array([-1,  2,  7])]"
426,"[array([2, 2, 9]), array([2, 3, 9]), array([3, 4, 6]), array([4, 3, 7]), array([3, 2, 8]), array([2, 2, 8]), array([1, 2, 8]), array([0, 1, 7]), array([1, 0, 6]), array([2, 1, 9])]"
427,"[array([2, 2, 9]), array([2, 1, 9]), array([1, 2, 8]), array([0, 1, 7]), array([1, 0, 6]), array([2, 1, 9]), array([1, 2, 8]), array([0, 2, 8]), array([-1,  1,  7])]"
428,"[array([2, 2, 9]), array([3, 3, 6]), array([4, 2, 7]), array([3, 1, 8]), array([2, 0, 7]), array([ 3, -1,  6])]"
429,"[array([2, 2, 9]), array([3, 3, 6]), array([4, 2, 7]), array([5, 3, 8])]"
430,"[array([2, 2, 9]), array([1, 1, 6]), array([2, 2, 9]), array([3, 3, 6]), array([2, 2, 9]), array([3, 3, 6]), array([4, 2, 7]), array([4, 1, 7]), array([5, 0, 6])]"
431,"[array([2, 2, 9]), array([2, 3, 9]), array([3, 4, 6]), array([4, 3, 7]), array([3, 2, 8]), array([4, 1, 9]), array([5, 0, 8])]"
432,"[array([2, 2, 9]), array([3, 3, 6]), array([4, 2, 7]), array([4, 1, 7]), array([4, 2, 7]), array([5, 1, 6])]"
433,"[array([2, 2, 9]), array([3, 3, 6]), array([2, 2, 9]), array([3, 3, 6]), array([2, 2, 9]), array([2, 3, 9]), array([3, 2, 8]), array([4, 3, 7]), array([5, 4, 8])]"
434,"[array([2, 2, 9]), array([1, 3, 8]), array([0, 3, 8]), array([-1,  2,  7])]"
435,"[array([2, 2, 9]), array([3, 3, 6]), array([2, 2, 9]), array([3, 1, 8]), array([4, 0, 9]), array([3, 1, 8]), array([2, 0, 7]), array([ 3, -1,  6])]"
436,"[array([2, 2, 9]), array([3, 3, 6]), array([2, 2, 9]), array([3, 1, 8]), array([2, 0, 7]), array([ 3, -1,  6])]"
437,"[array([2, 2, 9]), array([2, 3, 9]), array([2, 2, 9]), array([2, 3, 9]), array([3, 2, 8]), array([2, 2, 8]), array([1, 2, 8]), array([0, 1, 7]), array([1, 2, 8]), array([0, 1, 7])]"
438,"[array([2, 2, 9]), array([3, 3, 6]), array([4, 2, 7]), array([4, 3, 7]), array([3, 2, 8]), array([2, 3, 9]), array([3, 4, 6]), array([4, 3, 7]), array([4, 4, 7]), array([4, 5, 7])]"
439,"[array([2, 2, 9]), array([3, 3, 6]), array([4, 2, 7]), array([4, 3, 7]), array([3, 2, 8]), array([2, 3, 9]), array([3, 4, 6]), array([4, 3, 7]), array([3, 2, 8]), array([2, 3, 9])]"
440,"[array([2, 1, 6]), array([1, 1, 6]), array([2, 2, 9]), array([3, 3, 6]), array([4, 2, 7]), array([4, 3, 7]), array([3, 4, 6]), array([4, 4, 6]), array([5, 4, 6])]"
441,"[array([2, 2, 9]), array([3, 3, 6]), array([4, 2, 7]), array([4, 3, 7]), array([3, 2, 8]), array([2, 3, 9]), array([3, 4, 6]), array([4, 3, 7]), array([3, 2, 8]), array([2, 2, 8])]"
442,"[array([2, 2, 9]), array([3, 3, 6]), array([2, 2, 9]), array([3, 3, 6]), array([4, 2, 7]), array([4, 3, 7]), array([3, 2, 8]), array([2, 3, 9]), array([3, 2, 8]), array([2, 3, 9])]"
443,"[array([2, 0, 7]), array([ 3, -1,  6])]"
444,"[array([2, 2, 9]), array([3, 3, 6]), array([2, 2, 9]), array([3, 3, 6]), array([2, 3, 6]), array([3, 2, 7]), array([2, 1, 8]), array([1, 0, 7]), array([ 2, -1,  6])]"
445,"[array([2, 2, 9]), array([3, 3, 6]), array([2, 2, 9]), array([3, 3, 6]), array([4, 2, 7]), array([4, 3, 7]), array([3, 2, 8]), array([2, 3, 9]), array([3, 4, 6]), array([4, 5, 9])]"
446,"[array([2, 2, 9]), array([3, 3, 6]), array([2, 2, 9]), array([3, 3, 6]), array([4, 4, 9]), array([4, 3, 9]), array([4, 2, 9]), array([4, 1, 9]), array([4, 0, 9]), array([ 4, -1,  9])]"
447,"[array([0, 1, 6]), array([1, 1, 6]), array([2, 2, 9]), array([3, 3, 6]), array([4, 3, 6]), array([3, 3, 6]), array([4, 3, 6]), array([5, 3, 6])]"
448,"[array([2, 2, 9]), array([2, 3, 9]), array([2, 4, 9]), array([2, 5, 9])]"
449,"[array([2, 2, 9]), array([3, 3, 6]), array([4, 4, 9]), array([4, 5, 9])]"
450,"[array([2, 2, 9]), array([3, 3, 6]), array([2, 3, 6]), array([3, 2, 7]), array([2, 1, 8]), array([1, 0, 7]), array([ 2, -1,  6])]"
451,"[array([2, 2, 9]), array([2, 3, 9]), array([3, 4, 6]), array([4, 3, 7]), array([3, 2, 8]), array([2, 3, 9]), array([3, 4, 6]), array([2, 4, 6]), array([1, 4, 6]), array([0, 4, 6])]"
452,"[array([2, 2, 9]), array([3, 3, 6]), array([4, 3, 6]), array([3, 4, 7]), array([2, 5, 6])]"
453,"[array([2, 2, 9]), array([3, 3, 6]), array([4, 3, 6]), array([5, 4, 9])]"
454,"[array([0, 2, 7]), array([1, 1, 6]), array([2, 2, 9]), array([3, 3, 6]), array([2, 3, 6]), array([3, 3, 6]), array([2, 3, 6]), array([1, 3, 6]), array([2, 3, 6]), array([3, 2, 7])]"
455,"[array([2, 2, 9]), array([3, 3, 6]), array([4, 3, 6]), array([3, 3, 6]), array([4, 3, 6]), array([5, 2, 7])]"
456,"[array([2, 1, 6]), array([3, 1, 6]), array([2, 1, 6]), array([1, 1, 6]), array([0, 2, 7]), array([-1,  1,  8])]"
457,"[array([2, 2, 9]), array([3, 3, 6]), array([2, 3, 6]), array([1, 3, 6]), array([2, 3, 6]), array([3, 3, 6]), array([2, 3, 6]), array([1, 3, 6]), array([2, 3, 6]), array([3, 2, 7])]"
458,"[array([2, 1, 6]), array([3, 0, 7]), array([3, 1, 7]), array([4, 2, 8]), array([5, 1, 9])]"
459,"[array([2, 2, 9]), array([3, 3, 6]), array([2, 3, 6]), array([3, 3, 6]), array([4, 4, 9]), array([5, 3, 8])]"
460,"[array([2, 2, 9]), array([3, 3, 6]), array([4, 4, 9]), array([5, 5, 6])]"
461,"[array([2, 2, 9]), array([3, 3, 6]), array([2, 3, 6]), array([1, 3, 6]), array([2, 3, 6]), array([1, 3, 6]), array([2, 3, 6]), array([3, 3, 6]), array([2, 3, 6]), array([1, 3, 6])]"
462,"[array([2, 2, 9]), array([3, 3, 6]), array([2, 3, 6]), array([1, 3, 6]), array([0, 4, 7]), array([-1,  3,  8])]"
463,"[array([0, 2, 7]), array([-1,  1,  8])]"
464,"[array([0, 2, 7]), array([-1,  1,  8])]"
465,"[array([2, 2, 9]), array([3, 3, 6]), array([4, 4, 9]), array([4, 5, 9])]"
466,"[array([2, 2, 9]), array([3, 3, 6]), array([2, 3, 6]), array([3, 2, 7]), array([2, 1, 8]), array([3, 0, 9]), array([ 2, -1,  6])]"
467,"[array([2, 2, 9]), array([3, 3, 6]), array([4, 3, 6]), array([3, 4, 7]), array([3, 3, 7]), array([3, 4, 7]), array([4, 3, 6]), array([3, 3, 6]), array([2, 3, 6]), array([3, 3, 6])]"
468,"[array([2, 2, 9]), array([3, 3, 6]), array([2, 3, 6]), array([3, 3, 6]), array([4, 4, 9]), array([4, 5, 9])]"
469,"[array([2, 2, 9]), array([3, 3, 6]), array([4, 4, 9]), array([4, 3, 9]), array([4, 2, 9]), array([4, 1, 9]), array([3, 0, 6]), array([2, 1, 7]), array([2, 2, 7]), array([1, 1, 8])]"
470,"[array([2, 2, 9]), array([3, 3, 6]), array([2, 3, 6]), array([3, 3, 6]), array([2, 3, 6]), array([1, 3, 6]), array([0, 3, 6]), array([1, 4, 9]), array([2, 5, 6])]"
471,"[array([2, 2, 9]), array([3, 3, 6]), array([2, 4, 7]), array([3, 3, 6]), array([2, 3, 6]), array([3, 3, 6]), array([4, 4, 9]), array([4, 5, 9])]"
472,"[array([2, 2, 9]), array([3, 3, 6]), array([4, 3, 6]), array([5, 4, 9])]"
473,"[array([2, 2, 9]), array([3, 3, 6]), array([2, 4, 7]), array([2, 5, 7])]"
474,"[array([2, 2, 9]), array([3, 3, 6]), array([2, 4, 7]), array([1, 5, 6])]"
475,"[array([2, 2, 9]), array([3, 3, 6]), array([4, 4, 9]), array([3, 5, 8])]"
476,"[array([2, 2, 9]), array([3, 3, 6]), array([2, 3, 6]), array([3, 3, 6]), array([2, 3, 6]), array([1, 3, 6]), array([2, 3, 6]), array([3, 3, 6]), array([4, 4, 9]), array([4, 5, 9])]"
477,"[array([2, 2, 9]), array([3, 3, 6]), array([4, 4, 9]), array([4, 5, 9])]"
478,"[array([2, 2, 9]), array([3, 3, 6]), array([4, 4, 9]), array([3, 5, 8])]"
479,"[array([2, 2, 9]), array([3, 3, 6]), array([4, 4, 9]), array([5, 3, 8])]"
480,"[array([2, 2, 9]), array([1, 3, 8]), array([0, 4, 9]), array([1, 5, 6])]"
481,"[array([2, 2, 9]), array([3, 3, 6]), array([2, 3, 6]), array([3, 3, 6]), array([2, 4, 7]), array([2, 3, 7]), array([2, 2, 7]), array([2, 1, 7]), array([2, 2, 7]), array([3, 1, 6])]"
482,"[array([2, 2, 9]), array([3, 3, 6]), array([4, 4, 9]), array([4, 5, 9])]"
483,"[array([2, 2, 9]), array([3, 3, 6]), array([2, 3, 6]), array([3, 3, 6]), array([2, 3, 6]), array([3, 3, 6]), array([2, 4, 7]), array([2, 3, 7]), array([2, 2, 7]), array([1, 1, 8])]"
484,"[array([2, 2, 9]), array([3, 3, 6]), array([2, 4, 7]), array([2, 3, 7]), array([2, 2, 7]), array([1, 1, 8]), array([0, 0, 7]), array([1, 1, 8]), array([0, 0, 7]), array([1, 1, 8])]"
485,"[array([2, 2, 9]), array([3, 3, 6]), array([4, 3, 6]), array([3, 4, 7]), array([3, 3, 7]), array([3, 2, 7]), array([3, 3, 7]), array([3, 2, 7]), array([3, 3, 7]), array([3, 2, 7])]"
486,"[array([2, 2, 9]), array([3, 3, 6]), array([4, 2, 7]), array([4, 3, 7]), array([4, 4, 7]), array([5, 3, 6])]"
487,"[array([2, 1, 6]), array([1, 1, 6]), array([2, 2, 9]), array([3, 3, 6]), array([2, 3, 6]), array([1, 3, 6]), array([2, 4, 9]), array([3, 5, 6])]"
488,"[array([0, 1, 6]), array([-1,  1,  6])]"
489,"[array([0, 1, 6]), array([-1,  2,  7])]"
490,"[array([0, 1, 6]), array([1, 2, 9]), array([2, 3, 6]), array([3, 3, 6]), array([2, 4, 7]), array([3, 5, 8])]"
491,"[array([2, 0, 7]), array([2, 1, 7]), array([1, 0, 8]), array([2, 0, 8]), array([3, 0, 8]), array([4, 0, 8]), array([5, 0, 8])]"
492,"[array([2, 0, 7]), array([2, 1, 7]), array([2, 2, 7]), array([3, 1, 6]), array([2, 1, 6]), array([3, 2, 9]), array([4, 1, 8]), array([5, 1, 8])]"
493,"[array([0, 2, 7]), array([1, 3, 8]), array([0, 4, 9]), array([1, 5, 6])]"
494,"[array([0, 2, 7]), array([1, 3, 8]), array([0, 4, 9]), array([1, 5, 6])]"
495,"[array([2, 2, 9]), array([3, 3, 6]), array([4, 4, 9]), array([3, 5, 8])]"
496,"[array([2, 2, 9]), array([3, 3, 6]), array([4, 4, 9]), array([3, 3, 6]), array([2, 4, 7]), array([2, 5, 7])]"
497,"[array([2, 2, 9]), array([3, 3, 6]), array([2, 4, 7]), array([2, 5, 7])]"
498,"[array([2, 2, 9]), array([1, 3, 8]), array([0, 4, 9]), array([1, 5, 6])]"
499,"[array([2, 2, 9]), array([3, 3, 6]), array([2, 4, 7]), array([2, 5, 7])]"
500,"[array([2, 2, 9]), array([2, 3, 9]), array([2, 2, 9]), array([3, 3, 6]), array([2, 3, 6]), array([1, 3, 6]), array([0, 3, 6]), array([1, 2, 7]), array([0, 1, 8]), array([-1,  0,  7])]"
501,"[array([2, 2, 9]), array([3, 3, 6]), array([4, 3, 6]), array([3, 4, 7]), array([4, 5, 8])]"
502,"[array([0, 2, 7]), array([1, 3, 8]), array([0, 4, 9]), array([1, 5, 6])]"
503,"[array([0, 1, 6]), array([1, 2, 9]), array([2, 3, 6]), array([3, 3, 6]), array([4, 3, 6]), array([3, 4, 7]), array([4, 5, 8])]"
504,"[array([0, 2, 7]), array([1, 3, 8]), array([0, 4, 9]), array([1, 5, 6])]"
505,"[array([2, 2, 9]), array([3, 3, 6]), array([4, 3, 6]), array([5, 3, 6])]"
506,"[array([0, 1, 6]), array([-1,  2,  7])]"
507,"[array([2, 1, 6]), array([1, 1, 6]), array([0, 1, 6]), array([-1,  2,  7])]"
508,"[array([0, 0, 9]), array([-1, -1,  6])]"
509,"[array([0, 2, 7]), array([0, 1, 7]), array([1, 2, 8]), array([0, 3, 9]), array([1, 4, 6]), array([2, 5, 9])]"
510,"[array([2, 2, 9]), array([1, 3, 8]), array([0, 4, 9]), array([1, 3, 8]), array([0, 4, 9]), array([1, 5, 6])]"
511,"[array([2, 1, 6]), array([3, 2, 9]), array([2, 3, 8]), array([1, 2, 7]), array([0, 1, 8]), array([-1,  0,  7])]"
512,"[array([2, 2, 9]), array([3, 3, 6]), array([4, 3, 6]), array([3, 4, 7]), array([4, 3, 6]), array([5, 3, 6])]"
513,"[array([2, 2, 9]), array([3, 3, 6]), array([2, 4, 7]), array([2, 3, 7]), array([2, 2, 7]), array([2, 1, 7]), array([3, 0, 6]), array([4, 1, 9]), array([4, 0, 9]), array([ 4, -1,  9])]"
514,"[array([0, 2, 7]), array([0, 3, 7]), array([-1,  2,  8])]"
515,"[array([2, 2, 9]), array([3, 3, 6]), array([2, 4, 7]), array([3, 5, 8])]"
516,"[array([2, 2, 9]), array([3, 3, 6]), array([4, 3, 6]), array([5, 3, 6])]"
517,"[array([2, 2, 9]), array([3, 3, 6]), array([4, 4, 9]), array([4, 5, 9])]"
518,"[array([2, 2, 9]), array([3, 3, 6]), array([4, 3, 6]), array([5, 4, 9])]"
519,"[array([2, 2, 9]), array([3, 3, 6]), array([4, 4, 9]), array([3, 5, 8])]"
520,"[array([2, 2, 9]), array([3, 3, 6]), array([2, 4, 7]), array([2, 3, 7]), array([2, 2, 7]), array([1, 1, 8]), array([0, 0, 7]), array([1, 1, 8]), array([0, 2, 9]), array([1, 1, 8])]"
521,"[array([2, 2, 9]), array([3, 3, 6]), array([4, 3, 6]), array([3, 4, 7]), array([3, 3, 7]), array([3, 2, 7]), array([3, 1, 7]), array([2, 0, 8]), array([ 3, -1,  9])]"
522,"[array([2, 2, 9]), array([3, 3, 6]), array([4, 3, 6]), array([5, 4, 9])]"
523,"[array([2, 2, 9]), array([3, 3, 6]), array([2, 4, 7]), array([3, 3, 6]), array([4, 3, 6]), array([3, 4, 7]), array([2, 5, 6])]"
524,"[array([2, 2, 9]), array([3, 3, 6]), array([4, 4, 9]), array([3, 5, 8])]"
525,"[array([2, 2, 9]), array([3, 3, 6]), array([4, 4, 9]), array([3, 5, 8])]"
526,"[array([2, 2, 9]), array([3, 3, 6]), array([4, 4, 9]), array([4, 3, 9]), array([4, 2, 9]), array([3, 1, 6]), array([4, 2, 9]), array([3, 3, 8]), array([2, 2, 7]), array([3, 1, 6])]"
527,"[array([2, 2, 9]), array([3, 3, 6]), array([4, 4, 9]), array([3, 5, 8])]"
528,"[array([2, 2, 9]), array([3, 3, 6]), array([2, 4, 7]), array([2, 3, 7]), array([3, 2, 6]), array([4, 3, 9]), array([5, 4, 6])]"
529,"[array([2, 2, 9]), array([3, 3, 6]), array([2, 4, 7]), array([3, 5, 8])]"
530,"[array([2, 2, 9]), array([3, 1, 8]), array([2, 2, 9]), array([3, 3, 6]), array([2, 4, 7]), array([2, 3, 7]), array([3, 4, 8])]"
531,"[array([2, 2, 9]), array([3, 3, 6]), array([2, 2, 9]), array([3, 3, 6]), array([2, 2, 9]), array([3, 3, 6]), array([4, 3, 6]), array([3, 4, 7]), array([3, 3, 7]), array([4, 4, 8])]"
532,"[array([2, 2, 9]), array([3, 3, 6]), array([2, 4, 7]), array([2, 3, 7]), array([3, 4, 8])]"
533,"[array([0, 2, 7]), array([1, 3, 8]), array([2, 2, 9]), array([1, 1, 6]), array([0, 2, 7]), array([1, 3, 8]), array([2, 2, 9]), array([1, 1, 6]), array([2, 0, 7]), array([ 1, -1,  8])]"
534,"[array([0, 2, 7]), array([1, 3, 8]), array([2, 2, 9]), array([2, 3, 9]), array([2, 2, 9]), array([1, 1, 6]), array([2, 2, 9]), array([1, 1, 6]), array([2, 2, 9]), array([3, 3, 6])]"
535,"[array([2, 2, 9]), array([3, 3, 6]), array([2, 4, 7]), array([3, 5, 8])]"
536,"[array([2, 2, 9]), array([3, 3, 6]), array([2, 4, 7]), array([2, 3, 7]), array([3, 4, 8])]"
537,"[array([2, 2, 9]), array([3, 3, 6]), array([2, 4, 7]), array([3, 5, 8])]"
538,"[array([2, 2, 9]), array([3, 3, 6]), array([2, 2, 9]), array([3, 3, 6]), array([2, 4, 7]), array([3, 5, 8])]"
539,"[array([2, 2, 9]), array([1, 1, 6]), array([2, 2, 9]), array([3, 1, 8]), array([4, 1, 8]), array([5, 1, 8])]"
540,"[array([2, 2, 9]), array([3, 3, 6]), array([2, 4, 7]), array([2, 5, 7])]"
541,"[array([2, 2, 9]), array([3, 3, 6]), array([2, 4, 7]), array([3, 5, 8])]"
542,"[array([2, 2, 9]), array([3, 3, 6]), array([2, 4, 7]), array([1, 5, 6])]"
543,"[array([2, 2, 9]), array([3, 3, 6]), array([4, 3, 6]), array([5, 3, 6])]"
544,"[array([0, 2, 7]), array([0, 3, 7]), array([0, 4, 7]), array([0, 3, 7]), array([0, 4, 7]), array([0, 3, 7]), array([0, 4, 7]), array([1, 5, 8])]"
545,"[array([2, 2, 9]), array([3, 3, 6]), array([2, 4, 7]), array([3, 5, 8])]"
546,"[array([2, 2, 9]), array([3, 3, 6]), array([4, 3, 6]), array([3, 4, 7]), array([4, 5, 8])]"
547,"[array([2, 2, 9]), array([3, 3, 6]), array([4, 4, 9]), array([3, 3, 6]), array([2, 4, 7]), array([3, 5, 8])]"
548,"[array([2, 2, 9]), array([3, 3, 6]), array([2, 4, 7]), array([3, 5, 8])]"
549,"[array([2, 2, 9]), array([3, 3, 6]), array([2, 4, 7]), array([3, 5, 8])]"
550,"[array([2, 2, 9]), array([3, 3, 6]), array([4, 3, 6]), array([3, 4, 7]), array([3, 3, 7]), array([3, 2, 7]), array([4, 3, 8]), array([5, 2, 9])]"
551,"[array([2, 2, 9]), array([3, 3, 6]), array([4, 3, 6]), array([5, 3, 6])]"
552,"[array([2, 2, 9]), array([3, 3, 6]), array([2, 4, 7]), array([3, 5, 8])]"
553,"[array([2, 2, 9]), array([3, 3, 6]), array([2, 4, 7]), array([3, 5, 8])]"
554,"[array([2, 2, 9]), array([3, 3, 6]), array([2, 4, 7]), array([3, 5, 8])]"
555,"[array([2, 2, 9]), array([3, 3, 6]), array([2, 4, 7]), array([3, 5, 8])]"
556,"[array([2, 2, 9]), array([3, 3, 6]), array([2, 4, 7]), array([3, 5, 8])]"
557,"[array([2, 2, 9]), array([3, 3, 6]), array([2, 4, 7]), array([3, 5, 8])]"
558,"[array([2, 2, 9]), array([3, 3, 6]), array([2, 4, 7]), array([2, 3, 7]), array([3, 4, 8])]"
559,"[array([2, 2, 9]), array([3, 3, 6]), array([2, 4, 7]), array([3, 5, 8])]"
560,"[array([2, 2, 9]), array([3, 3, 6]), array([2, 4, 7]), array([3, 5, 8])]"
561,"[array([2, 2, 9]), array([3, 3, 6]), array([2, 4, 7]), array([3, 5, 8])]"
562,"[array([2, 2, 9]), array([3, 3, 6]), array([2, 4, 7]), array([3, 5, 8])]"
563,"[array([2, 2, 9]), array([3, 3, 6]), array([4, 3, 6]), array([5, 4, 9])]"
564,"[array([2, 2, 9]), array([3, 3, 6]), array([4, 3, 6]), array([5, 3, 6])]"
565,"[array([2, 2, 9]), array([3, 3, 6]), array([4, 3, 6]), array([5, 4, 9])]"
566,"[array([2, 2, 9]), array([3, 3, 6]), array([4, 4, 9]), array([4, 5, 9])]"
567,"[array([2, 2, 9]), array([3, 3, 6]), array([4, 4, 9]), array([3, 5, 8])]"
568,"[array([2, 2, 9]), array([3, 3, 6]), array([4, 3, 6]), array([5, 3, 6])]"
569,"[array([2, 2, 9]), array([3, 3, 6]), array([4, 4, 9]), array([3, 5, 8])]"
570,"[array([2, 2, 9]), array([3, 3, 6]), array([4, 3, 6]), array([5, 3, 6])]"
571,"[array([2, 2, 9]), array([3, 3, 6]), array([4, 3, 6]), array([5, 3, 6])]"
572,"[array([2, 2, 9]), array([3, 3, 6]), array([4, 3, 6]), array([5, 3, 6])]"
573,"[array([2, 2, 9]), array([3, 3, 6]), array([4, 3, 6]), array([5, 3, 6])]"
574,"[array([2, 2, 9]), array([3, 3, 6]), array([2, 4, 7]), array([3, 5, 8])]"
575,"[array([0, 1, 6]), array([-1,  1,  6])]"
576,"[array([0, 1, 6]), array([1, 2, 9]), array([2, 3, 6]), array([1, 3, 6]), array([0, 2, 9]), array([-1,  3,  8])]"
577,"[array([2, 2, 9]), array([3, 3, 6]), array([2, 4, 7]), array([3, 5, 8])]"
578,"[array([2, 2, 9]), array([3, 3, 6]), array([2, 2, 9]), array([3, 3, 6]), array([2, 4, 7]), array([3, 5, 8])]"
579,"[array([2, 2, 9]), array([3, 3, 6]), array([2, 4, 7]), array([3, 5, 8])]"
580,"[array([2, 1, 6]), array([3, 0, 7]), array([ 2, -1,  8])]"
581,"[array([2, 2, 9]), array([3, 3, 6]), array([2, 4, 7]), array([3, 5, 8])]"
582,"[array([2, 2, 9]), array([1, 1, 6]), array([2, 2, 9]), array([3, 3, 6]), array([2, 4, 7]), array([3, 5, 8])]"
583,"[array([2, 2, 9]), array([1, 1, 6]), array([2, 2, 9]), array([3, 3, 6]), array([2, 4, 7]), array([3, 5, 8])]"
584,"[array([2, 2, 9]), array([3, 3, 6]), array([2, 4, 7]), array([3, 5, 8])]"
585,"[array([2, 2, 9]), array([3, 3, 6]), array([2, 4, 7]), array([3, 5, 8])]"
586,"[array([2, 2, 9]), array([3, 3, 6]), array([2, 4, 7]), array([1, 5, 6])]"
587,"[array([2, 2, 9]), array([3, 3, 6]), array([2, 4, 7]), array([3, 5, 8])]"
588,"[array([2, 2, 9]), array([3, 3, 6]), array([2, 4, 7]), array([3, 5, 8])]"
589,"[array([2, 2, 9]), array([3, 3, 6]), array([2, 4, 7]), array([1, 3, 8]), array([0, 4, 9]), array([1, 5, 6])]"
590,"[array([2, 2, 9]), array([3, 3, 6]), array([2, 4, 7]), array([3, 5, 8])]"
591,"[array([2, 2, 9]), array([3, 3, 6]), array([2, 4, 7]), array([3, 5, 8])]"
592,"[array([2, 2, 9]), array([3, 3, 6]), array([2, 4, 7]), array([2, 3, 7]), array([2, 2, 7]), array([3, 1, 6]), array([4, 2, 9]), array([3, 3, 8]), array([2, 4, 9]), array([3, 5, 6])]"
593,"[array([2, 2, 9]), array([3, 3, 6]), array([4, 4, 9]), array([5, 5, 6])]"
594,"[array([2, 2, 9]), array([3, 3, 6]), array([4, 4, 9]), array([3, 3, 6]), array([4, 3, 6]), array([3, 4, 7]), array([3, 3, 7]), array([3, 2, 7]), array([4, 1, 6]), array([5, 2, 9])]"
595,"[array([2, 2, 9]), array([3, 3, 6]), array([4, 3, 6]), array([3, 4, 7]), array([3, 3, 7]), array([3, 2, 7]), array([4, 1, 6]), array([5, 2, 9])]"
596,"[array([2, 2, 9]), array([3, 3, 6]), array([2, 4, 7]), array([2, 3, 7]), array([2, 2, 7]), array([2, 1, 7]), array([3, 0, 6]), array([4, 1, 9]), array([3, 0, 6]), array([4, 1, 9])]"
597,"[array([2, 2, 9]), array([3, 3, 6]), array([2, 4, 7]), array([3, 5, 8])]"
598,"[array([2, 1, 6]), array([3, 2, 9]), array([4, 1, 8]), array([3, 0, 7]), array([ 4, -1,  6])]"
599,"[array([2, 2, 9]), array([3, 3, 6]), array([4, 2, 7]), array([5, 1, 6])]"
600,"[array([2, 2, 9]), array([3, 3, 6]), array([2, 4, 7]), array([3, 5, 8])]"
601,"[array([2, 2, 9]), array([3, 3, 6]), array([2, 4, 7]), array([2, 3, 7]), array([3, 4, 8])]"
602,"[array([2, 2, 9]), array([3, 3, 6]), array([2, 4, 7]), array([3, 5, 8])]"
603,"[array([0, 2, 7]), array([1, 3, 8]), array([2, 4, 7]), array([3, 5, 8])]"
604,"[array([0, 2, 7]), array([-1,  3,  6])]"
605,"[array([0, 2, 7]), array([-1,  3,  6])]"
606,"[array([0, 2, 7]), array([-1,  3,  6])]"
607,"[array([0, 2, 7]), array([-1,  1,  8])]"
608,"[array([2, 0, 7]), array([ 1, -1,  8])]"
609,"[array([2, 0, 7]), array([ 1, -1,  8])]"
610,"[array([0, 2, 7]), array([-1,  3,  6])]"
611,"[array([2, 2, 9]), array([2, 3, 9]), array([2, 4, 9]), array([2, 5, 9])]"
612,"[array([0, 2, 7]), array([-1,  3,  6])]"
613,"[array([0, 2, 7]), array([-1,  3,  6])]"
614,"[array([2, 2, 9]), array([3, 3, 6]), array([2, 4, 7]), array([3, 5, 8])]"
615,"[array([2, 0, 7]), array([2, 1, 7]), array([3, 0, 6]), array([2, 0, 6]), array([1, 0, 6]), array([0, 0, 6]), array([-1,  0,  6])]"
616,"[array([2, 2, 9]), array([3, 3, 6]), array([2, 4, 7]), array([3, 5, 8])]"
617,"[array([2, 2, 9]), array([1, 3, 8]), array([2, 4, 7]), array([1, 3, 8]), array([2, 4, 7]), array([3, 5, 8])]"
618,"[array([2, 2, 9]), array([1, 1, 6]), array([2, 2, 9]), array([3, 1, 8]), array([4, 1, 8]), array([5, 1, 8])]"
619,"[array([2, 2, 9]), array([3, 3, 6]), array([2, 4, 7]), array([3, 5, 8])]"
620,"[array([2, 2, 9]), array([3, 3, 6]), array([2, 4, 7]), array([3, 5, 8])]"
621,"[array([2, 2, 9]), array([3, 3, 6]), array([2, 4, 7]), array([1, 3, 8]), array([2, 4, 7]), array([1, 3, 8]), array([2, 4, 7]), array([3, 5, 8])]"
622,"[array([0, 2, 7]), array([-1,  3,  6])]"
623,"[array([0, 2, 7]), array([0, 1, 7]), array([1, 2, 8]), array([2, 1, 9]), array([3, 2, 6]), array([2, 3, 7]), array([3, 4, 8])]"
624,"[array([2, 2, 9]), array([3, 3, 6]), array([4, 4, 9]), array([3, 3, 6]), array([2, 3, 6]), array([1, 4, 7]), array([0, 5, 6])]"
625,"[array([0, 1, 6]), array([-1,  2,  7])]"
626,"[array([0, 1, 6]), array([-1,  1,  6])]"
627,"[array([0, 1, 6]), array([-1,  1,  6])]"
628,"[array([0, 1, 6]), array([-1,  1,  6])]"
629,"[array([2, 2, 9]), array([3, 3, 6]), array([2, 4, 7]), array([3, 5, 8])]"
630,"[array([2, 2, 9]), array([3, 3, 6]), array([2, 4, 7]), array([3, 5, 8])]"
631,"[array([2, 0, 7]), array([ 1, -1,  8])]"
632,"[array([2, 0, 7]), array([ 1, -1,  8])]"
633,"[array([2, 0, 7]), array([ 1, -1,  8])]"
634,"[array([2, 0, 7]), array([ 1, -1,  8])]"
635,"[array([2, 0, 7]), array([ 1, -1,  8])]"
636,"[array([2, 0, 7]), array([ 1, -1,  8])]"
637,"[array([2, 0, 7]), array([ 1, -1,  8])]"
638,"[array([2, 0, 7]), array([ 1, -1,  8])]"
639,"[array([2, 0, 7]), array([ 1, -1,  8])]"
640,"[array([2, 0, 7]), array([ 1, -1,  8])]"
641,"[array([2, 0, 7]), array([ 1, -1,  8])]"
642,"[array([2, 0, 7]), array([ 1, -1,  8])]"
643,"[array([2, 0, 7]), array([ 1, -1,  8])]"
644,"[array([2, 0, 7]), array([ 1, -1,  8])]"
645,"[array([2, 0, 7]), array([ 1, -1,  8])]"
646,"[array([2, 0, 7]), array([ 1, -1,  8])]"
647,"[array([2, 0, 7]), array([ 1, -1,  8])]"
648,"[array([2, 0, 7]), array([ 1, -1,  8])]"
649,"[array([2, 0, 7]), array([ 1, -1,  8])]"
650,"[array([2, 0, 7]), array([2, 1, 7]), array([1, 0, 8]), array([ 0, -1,  7])]"
651,"[array([2, 0, 7]), array([ 1, -1,  8])]"
652,"[array([0, 2, 7]), array([-1,  3,  6])]"
653,"[array([2, 1, 6]), array([3, 1, 6]), array([4, 1, 6]), array([3, 1, 6]), array([4, 1, 6]), array([3, 2, 7]), array([4, 3, 8]), array([5, 2, 9])]"
654,"[array([0, 2, 7]), array([-1,  3,  6])]"
655,"[array([0, 2, 7]), array([-1,  3,  6])]"
656,"[array([0, 2, 7]), array([-1,  3,  6])]"
657,"[array([0, 2, 7]), array([-1,  3,  6])]"
658,"[array([0, 2, 7]), array([-1,  3,  6])]"
659,"[array([0, 2, 7]), array([-1,  1,  8])]"
660,"[array([2, 2, 9]), array([1, 1, 6]), array([2, 2, 9]), array([1, 1, 6]), array([2, 2, 9]), array([1, 1, 6]), array([2, 2, 9]), array([1, 1, 6]), array([2, 2, 9]), array([1, 1, 6])]"
661,"[array([2, 2, 9]), array([3, 3, 6]), array([2, 4, 7]), array([3, 5, 8])]"
662,"[array([2, 2, 9]), array([1, 1, 6]), array([2, 2, 9]), array([1, 3, 8]), array([2, 2, 9]), array([3, 3, 6]), array([2, 4, 7]), array([3, 5, 8])]"
663,"[array([2, 0, 7]), array([ 1, -1,  8])]"
664,"[array([2, 2, 9]), array([1, 3, 8]), array([2, 4, 7]), array([3, 5, 8])]"
665,"[array([0, 0, 9]), array([ 0, -1,  9])]"
666,"[array([0, 0, 9]), array([ 0, -1,  9])]"
667,"[array([2, 2, 9]), array([1, 3, 8]), array([2, 4, 7]), array([1, 5, 6])]"
668,"[array([2, 2, 9]), array([3, 1, 8]), array([2, 0, 7]), array([ 1, -1,  8])]"
669,"[array([2, 2, 9]), array([3, 1, 8]), array([2, 0, 7]), array([ 3, -1,  6])]"
670,"[array([2, 2, 9]), array([1, 1, 6]), array([0, 2, 7]), array([-1,  3,  6])]"
671,"[array([0, 2, 7]), array([-1,  3,  6])]"
672,"[array([0, 2, 7]), array([-1,  3,  6])]"
673,"[array([0, 2, 7]), array([-1,  3,  6])]"
674,"[array([0, 2, 7]), array([-1,  3,  6])]"
675,"[array([0, 2, 7]), array([-1,  3,  6])]"
676,"[array([0, 2, 7]), array([-1,  3,  6])]"
677,"[array([0, 2, 7]), array([-1,  3,  6])]"
678,"[array([0, 2, 7]), array([-1,  3,  6])]"
679,"[array([0, 2, 7]), array([-1,  3,  6])]"
680,"[array([0, 2, 7]), array([-1,  3,  6])]"
681,"[array([0, 2, 7]), array([-1,  3,  6])]"
682,"[array([2, 2, 9]), array([2, 3, 9]), array([1, 2, 6]), array([0, 3, 7]), array([-1,  4,  6])]"
683,"[array([0, 2, 7]), array([-1,  3,  6])]"
684,"[array([2, 2, 9]), array([1, 3, 8]), array([2, 4, 7]), array([2, 3, 7]), array([2, 2, 7]), array([3, 3, 8]), array([4, 4, 7]), array([5, 5, 8])]"
685,"[array([0, 2, 7]), array([0, 1, 7]), array([1, 2, 8]), array([2, 3, 7]), array([3, 4, 8])]"
686,"[array([0, 2, 7]), array([-1,  3,  6])]"
687,"[array([0, 2, 7]), array([-1,  3,  6])]"
688,"[array([0, 1, 6]), array([-1,  1,  6])]"
689,"[array([2, 0, 7]), array([ 1, -1,  8])]"
690,"[array([0, 2, 7]), array([-1,  3,  6])]"
691,"[array([0, 2, 7]), array([-1,  3,  6])]"
692,"[array([2, 0, 7]), array([ 1, -1,  8])]"
693,"[array([0, 2, 7]), array([-1,  3,  6])]"
694,"[array([0, 2, 7]), array([-1,  3,  6])]"
695,"[array([0, 2, 7]), array([-1,  3,  6])]"
696,"[array([0, 2, 7]), array([-1,  3,  6])]"
697,"[array([0, 2, 7]), array([-1,  3,  6])]"
698,"[array([0, 2, 7]), array([-1,  3,  6])]"
699,"[array([2, 2, 9]), array([1, 3, 8]), array([2, 4, 7]), array([3, 5, 8])]"
700,"[array([2, 0, 7]), array([ 1, -1,  8])]"
701,"[array([2, 2, 9]), array([1, 1, 6]), array([2, 2, 9]), array([2, 3, 9]), array([3, 2, 8]), array([4, 1, 9]), array([5, 2, 6])]"
702,"[array([2, 0, 7]), array([ 1, -1,  8])]"
703,"[array([2, 0, 7]), array([ 1, -1,  8])]"
704,"[array([2, 0, 7]), array([ 1, -1,  8])]"
705,"[array([0, 2, 7]), array([-1,  3,  6])]"
706,"[array([0, 2, 7]), array([-1,  3,  6])]"
707,"[array([0, 2, 7]), array([-1,  3,  6])]"
708,"[array([2, 2, 9]), array([2, 3, 9]), array([1, 2, 6]), array([0, 1, 9]), array([1, 0, 8]), array([0, 1, 9]), array([-1,  0,  6])]"
709,"[array([2, 1, 6]), array([3, 1, 6]), array([4, 1, 6]), array([5, 1, 6])]"
710,"[array([2, 1, 6]), array([3, 1, 6]), array([4, 1, 6]), array([3, 1, 6]), array([4, 1, 6]), array([5, 1, 6])]"
711,"[array([2, 1, 6]), array([3, 1, 6]), array([4, 1, 6]), array([5, 2, 9])]"
712,"[array([2, 2, 9]), array([2, 3, 9]), array([1, 2, 6]), array([0, 1, 9]), array([-1,  2,  8])]"
713,"[array([2, 2, 9]), array([1, 1, 6]), array([2, 2, 9]), array([1, 1, 6]), array([2, 2, 9]), array([2, 3, 9]), array([1, 2, 6]), array([0, 3, 7]), array([1, 4, 8]), array([2, 3, 9])]"
714,"[array([2, 2, 9]), array([2, 3, 9]), array([2, 4, 9]), array([1, 3, 6]), array([0, 4, 7]), array([1, 5, 8])]"
715,"[array([2, 2, 9]), array([1, 1, 6]), array([0, 2, 7]), array([-1,  3,  6])]"
716,"[array([2, 2, 9]), array([2, 3, 9]), array([1, 2, 6]), array([0, 3, 7]), array([1, 4, 8]), array([2, 3, 9]), array([2, 4, 9]), array([2, 5, 9])]"
717,"[array([2, 1, 6]), array([3, 2, 9]), array([2, 3, 8]), array([1, 3, 8]), array([2, 4, 7]), array([3, 5, 8])]"
718,"[array([2, 1, 6]), array([3, 1, 6]), array([4, 0, 7]), array([ 3, -1,  8])]"
719,"[array([2, 2, 9]), array([1, 1, 6]), array([2, 2, 9]), array([1, 1, 6]), array([2, 2, 9]), array([1, 1, 6]), array([2, 2, 9]), array([3, 3, 6]), array([4, 3, 6]), array([5, 3, 6])]"
720,"[array([2, 0, 7]), array([ 1, -1,  8])]"
721,"[array([2, 1, 6]), array([3, 0, 7]), array([ 2, -1,  8])]"
722,"[array([2, 2, 9]), array([2, 3, 9]), array([2, 4, 9]), array([2, 5, 9])]"
723,"[array([2, 2, 9]), array([2, 3, 9]), array([2, 4, 9]), array([3, 3, 8]), array([2, 3, 8]), array([3, 2, 9]), array([4, 3, 6]), array([3, 4, 7]), array([4, 5, 8])]"
724,"[array([0, 1, 6]), array([-1,  2,  7])]"
725,"[array([2, 0, 7]), array([ 1, -1,  8])]"
726,"[array([2, 0, 7]), array([ 1, -1,  8])]"
727,"[array([2, 0, 7]), array([ 1, -1,  8])]"
728,"[array([2, 1, 6]), array([3, 0, 7]), array([ 3, -1,  7])]"
729,"[array([2, 1, 6]), array([3, 0, 7]), array([ 4, -1,  6])]"
730,"[array([2, 2, 9]), array([3, 3, 6]), array([4, 3, 6]), array([5, 3, 6])]"
731,"[array([2, 1, 6]), array([3, 0, 7]), array([ 4, -1,  6])]"
732,"[array([2, 2, 9]), array([2, 3, 9]), array([2, 4, 9]), array([2, 5, 9])]"
733,"[array([2, 2, 9]), array([2, 3, 9]), array([2, 4, 9]), array([3, 3, 8]), array([2, 3, 8]), array([1, 3, 8]), array([2, 4, 7]), array([3, 3, 6]), array([2, 4, 7]), array([3, 5, 8])]"
734,"[array([2, 2, 9]), array([2, 3, 9]), array([2, 4, 9]), array([3, 3, 8]), array([2, 3, 8]), array([1, 3, 8]), array([2, 4, 7]), array([3, 5, 8])]"
735,"[array([2, 2, 9]), array([2, 3, 9]), array([2, 4, 9]), array([3, 3, 8]), array([2, 3, 8]), array([1, 3, 8]), array([2, 4, 7]), array([3, 5, 8])]"
736,"[array([2, 2, 9]), array([2, 3, 9]), array([3, 2, 8]), array([2, 3, 9]), array([2, 4, 9]), array([2, 5, 9])]"
737,"[array([2, 2, 9]), array([2, 3, 9]), array([2, 4, 9]), array([3, 3, 8]), array([2, 3, 8]), array([1, 3, 8]), array([2, 4, 7]), array([2, 3, 7]), array([2, 2, 7]), array([3, 1, 6])]"
738,"[array([2, 0, 7]), array([ 1, -1,  8])]"
739,"[array([2, 2, 9]), array([2, 3, 9]), array([2, 4, 9]), array([3, 3, 8]), array([4, 2, 9]), array([5, 3, 6])]"
740,"[array([2, 2, 9]), array([2, 3, 9]), array([2, 4, 9]), array([3, 3, 8]), array([2, 3, 8]), array([1, 3, 8]), array([2, 4, 7]), array([3, 5, 8])]"
741,"[array([2, 2, 9]), array([2, 3, 9]), array([2, 4, 9]), array([3, 3, 8]), array([2, 3, 8]), array([1, 3, 8]), array([2, 4, 7]), array([3, 5, 8])]"
742,"[array([2, 2, 9]), array([2, 3, 9]), array([2, 4, 9]), array([3, 3, 8]), array([2, 3, 8]), array([1, 3, 8]), array([2, 4, 7]), array([3, 5, 8])]"
743,"[array([0, 0, 9]), array([ 0, -1,  9])]"
744,"[array([2, 2, 9]), array([3, 3, 6]), array([4, 3, 6]), array([3, 4, 7]), array([3, 3, 7]), array([3, 2, 7]), array([2, 1, 8]), array([1, 2, 9]), array([1, 3, 9]), array([0, 4, 8])]"
745,"[array([2, 2, 9]), array([3, 3, 6]), array([2, 3, 6]), array([3, 3, 6]), array([2, 4, 7]), array([3, 3, 6]), array([4, 4, 9]), array([4, 5, 9])]"
746,"[array([0, 1, 6]), array([-1,  1,  6])]"
747,"[array([0, 1, 6]), array([-1,  1,  6])]"
748,"[array([0, 1, 6]), array([1, 2, 9]), array([1, 3, 9]), array([2, 2, 8]), array([1, 3, 9]), array([2, 2, 8]), array([1, 3, 9]), array([2, 2, 8]), array([1, 3, 9]), array([2, 2, 8])]"
749,"[array([2, 2, 9]), array([2, 3, 9]), array([2, 4, 9]), array([3, 3, 8]), array([2, 3, 8]), array([1, 3, 8]), array([2, 4, 7]), array([1, 5, 6])]"
750,"[array([2, 2, 9]), array([3, 3, 6]), array([4, 4, 9]), array([4, 5, 9])]"
751,"[array([2, 2, 9]), array([3, 3, 6]), array([4, 4, 9]), array([4, 5, 9])]"
752,"[array([0, 1, 6]), array([1, 2, 9]), array([0, 3, 8]), array([1, 4, 7]), array([0, 5, 6])]"
753,"[array([2, 2, 9]), array([3, 3, 6]), array([2, 2, 9]), array([3, 3, 6]), array([4, 4, 9]), array([4, 5, 9])]"
754,"[array([2, 0, 7]), array([ 1, -1,  8])]"
755,"[array([2, 0, 7]), array([ 1, -1,  8])]"
756,"[array([2, 0, 7]), array([3, 1, 8]), array([2, 2, 9]), array([3, 3, 6]), array([2, 4, 7]), array([2, 5, 7])]"
757,"[array([2, 2, 9]), array([3, 3, 6]), array([4, 4, 9]), array([4, 5, 9])]"
758,"[array([2, 2, 9]), array([2, 3, 9]), array([2, 4, 9]), array([2, 3, 9]), array([1, 4, 8]), array([2, 4, 8]), array([3, 4, 8])]"
759,"[array([0, 1, 6]), array([-1,  1,  6])]"
760,"[array([0, 1, 6]), array([-1,  1,  6])]"
761,"[array([2, 2, 9]), array([3, 3, 6]), array([2, 3, 6]), array([3, 4, 9]), array([2, 5, 8])]"
762,"[array([2, 2, 9]), array([2, 1, 9]), array([3, 2, 6]), array([2, 3, 7]), array([2, 4, 7]), array([2, 5, 7])]"
763,"[array([2, 0, 7]), array([ 1, -1,  8])]"
764,"[array([2, 0, 7]), array([ 1, -1,  8])]"
765,"[array([2, 0, 7]), array([ 1, -1,  8])]"
766,"[array([2, 0, 7]), array([ 1, -1,  8])]"
767,"[array([0, 1, 6]), array([-1,  1,  6])]"
768,"[array([0, 1, 6]), array([-1,  1,  6])]"
769,"[array([0, 1, 6]), array([-1,  1,  6])]"
770,"[array([0, 2, 7]), array([-1,  1,  8])]"
771,"[array([0, 1, 6]), array([-1,  1,  6])]"
772,"[array([0, 1, 6]), array([-1,  1,  6])]"
773,"[array([0, 1, 6]), array([-1,  1,  6])]"
774,"[array([0, 1, 6]), array([-1,  1,  6])]"
775,"[array([0, 1, 6]), array([-1,  1,  6])]"
776,"[array([0, 1, 6]), array([-1,  1,  6])]"
777,"[array([0, 1, 6]), array([-1,  1,  6])]"
778,"[array([0, 1, 6]), array([-1,  1,  6])]"
779,"[array([0, 1, 6]), array([-1,  1,  6])]"
780,"[array([0, 1, 6]), array([-1,  1,  6])]"
781,"[array([0, 1, 6]), array([-1,  1,  6])]"
782,"[array([0, 1, 6]), array([-1,  1,  6])]"
783,"[array([0, 1, 6]), array([-1,  1,  6])]"
784,"[array([0, 0, 9]), array([ 0, -1,  9])]"
785,"[array([0, 1, 6]), array([-1,  1,  6])]"
786,"[array([0, 1, 6]), array([-1,  1,  6])]"
787,"[array([2, 0, 7]), array([ 1, -1,  8])]"
788,"[array([2, 0, 7]), array([ 1, -1,  8])]"
789,"[array([0, 1, 6]), array([-1,  1,  6])]"
790,"[array([0, 1, 6]), array([-1,  1,  6])]"
791,"[array([0, 1, 6]), array([-1,  1,  6])]"
792,"[array([0, 1, 6]), array([-1,  1,  6])]"
793,"[array([0, 1, 6]), array([-1,  1,  6])]"
794,"[array([0, 1, 6]), array([-1,  1,  6])]"
795,"[array([0, 1, 6]), array([1, 1, 6]), array([0, 1, 6]), array([-1,  1,  6])]"
796,"[array([0, 1, 6]), array([-1,  1,  6])]"
797,"[array([0, 1, 6]), array([-1,  1,  6])]"
798,"[array([0, 1, 6]), array([-1,  1,  6])]"
799,"[array([2, 0, 7]), array([ 1, -1,  8])]"
800,"[array([0, 1, 6]), array([-1,  1,  6])]"
801,"[array([0, 1, 6]), array([-1,  1,  6])]"
802,"[array([0, 1, 6]), array([-1,  1,  6])]"
803,"[array([2, 0, 7]), array([ 1, -1,  8])]"
804,"[array([0, 0, 9]), array([ 0, -1,  9])]"
805,"[array([0, 0, 9]), array([ 0, -1,  9])]"
806,"[array([0, 0, 9]), array([-1,  1,  8])]"
807,"[array([0, 0, 9]), array([ 1, -1,  8])]"
808,"[array([0, 0, 9]), array([ 0, -1,  9])]"
809,"[array([0, 1, 6]), array([-1,  1,  6])]"
810,"[array([0, 0, 9]), array([ 0, -1,  9])]"
811,"[array([2, 2, 9]), array([1, 3, 8]), array([0, 2, 7]), array([1, 1, 6]), array([2, 2, 9]), array([1, 3, 8]), array([2, 2, 9]), array([1, 3, 8]), array([0, 2, 7]), array([1, 1, 6])]"
812,"[array([2, 2, 9]), array([1, 3, 8]), array([0, 2, 7]), array([1, 1, 6]), array([2, 1, 6]), array([3, 0, 7]), array([ 2, -1,  8])]"
813,"[array([2, 1, 6]), array([3, 0, 7]), array([ 2, -1,  8])]"
814,"[array([0, 1, 6]), array([-1,  1,  6])]"
815,"[array([0, 1, 6]), array([-1,  1,  6])]"
816,"[array([0, 1, 6]), array([-1,  1,  6])]"
817,"[array([0, 1, 6]), array([-1,  1,  6])]"
818,"[array([0, 1, 6]), array([-1,  2,  7])]"
819,"[array([2, 0, 7]), array([ 1, -1,  8])]"
820,"[array([2, 0, 7]), array([ 1, -1,  8])]"
821,"[array([0, 2, 7]), array([0, 3, 7]), array([0, 4, 7]), array([-1,  5,  6])]"
822,"[array([0, 2, 7]), array([0, 3, 7]), array([0, 4, 7]), array([0, 5, 7])]"
823,"[array([0, 2, 7]), array([0, 3, 7]), array([0, 4, 7]), array([0, 5, 7])]"
824,"[array([0, 2, 7]), array([0, 3, 7]), array([0, 4, 7]), array([0, 5, 7])]"
825,"[array([0, 2, 7]), array([0, 3, 7]), array([0, 4, 7]), array([0, 5, 7])]"
826,"[array([0, 1, 6]), array([-1,  1,  6])]"
827,"[array([0, 2, 7]), array([0, 3, 7]), array([0, 4, 7]), array([-1,  5,  6])]"
828,"[array([0, 1, 6]), array([-1,  1,  6])]"
829,"[array([0, 1, 6]), array([-1,  1,  6])]"
830,"[array([0, 1, 6]), array([-1,  1,  6])]"
831,"[array([0, 1, 6]), array([-1,  1,  6])]"
832,"[array([0, 1, 6]), array([-1,  1,  6])]"
833,"[array([0, 1, 6]), array([-1,  1,  6])]"
834,"[array([0, 1, 6]), array([-1,  1,  6])]"
835,"[array([0, 1, 6]), array([-1,  1,  6])]"
836,"[array([0, 1, 6]), array([-1,  1,  6])]"
837,"[array([0, 1, 6]), array([-1,  1,  6])]"
838,"[array([0, 2, 7]), array([-1,  3,  6])]"
839,"[array([0, 1, 6]), array([-1,  1,  6])]"
840,"[array([0, 1, 6]), array([-1,  1,  6])]"
841,"[array([0, 1, 6]), array([-1,  1,  6])]"
842,"[array([0, 0, 9]), array([ 0, -1,  9])]"
843,"[array([0, 1, 6]), array([-1,  1,  6])]"
844,"[array([2, 1, 6]), array([3, 2, 9]), array([2, 3, 8]), array([3, 4, 7]), array([4, 5, 8])]"
845,"[array([0, 1, 6]), array([-1,  1,  6])]"
846,"[array([0, 1, 6]), array([-1,  1,  6])]"
847,"[array([0, 1, 6]), array([-1,  1,  6])]"
848,"[array([0, 1, 6]), array([-1,  1,  6])]"
849,"[array([0, 1, 6]), array([-1,  1,  6])]"
850,"[array([0, 1, 6]), array([-1,  1,  6])]"
851,"[array([0, 1, 6]), array([-1,  1,  6])]"
852,"[array([0, 1, 6]), array([-1,  1,  6])]"
853,"[array([0, 1, 6]), array([-1,  1,  6])]"
854,"[array([0, 1, 6]), array([-1,  1,  6])]"
855,"[array([0, 1, 6]), array([-1,  1,  6])]"
856,"[array([0, 1, 6]), array([-1,  1,  6])]"
857,"[array([0, 1, 6]), array([-1,  1,  6])]"
858,"[array([0, 1, 6]), array([-1,  1,  6])]"
859,"[array([0, 1, 6]), array([-1,  1,  6])]"
860,"[array([0, 1, 6]), array([-1,  1,  6])]"
861,"[array([0, 1, 6]), array([-1,  1,  6])]"
862,"[array([0, 1, 6]), array([-1,  1,  6])]"
863,"[array([0, 2, 7]), array([-1,  1,  8])]"
864,"[array([0, 1, 6]), array([-1,  1,  6])]"
865,"[array([0, 1, 6]), array([-1,  1,  6])]"
866,"[array([0, 1, 6]), array([-1,  1,  6])]"
867,"[array([0, 1, 6]), array([-1,  1,  6])]"
868,"[array([0, 1, 6]), array([-1,  1,  6])]"
869,"[array([0, 1, 6]), array([-1,  1,  6])]"
870,"[array([0, 1, 6]), array([-1,  1,  6])]"
871,"[array([0, 1, 6]), array([-1,  1,  6])]"
872,"[array([0, 1, 6]), array([-1,  1,  6])]"
873,"[array([0, 1, 6]), array([-1,  1,  6])]"
874,"[array([0, 1, 6]), array([-1,  1,  6])]"
875,"[array([0, 1, 6]), array([-1,  0,  9])]"
876,"[array([0, 0, 9]), array([ 0, -1,  9])]"
877,"[array([0, 0, 9]), array([ 0, -1,  9])]"
878,"[array([0, 0, 9]), array([ 0, -1,  9])]"
879,"[array([0, 0, 9]), array([ 0, -1,  9])]"
880,"[array([0, 0, 9]), array([ 0, -1,  9])]"
881,"[array([0, 0, 9]), array([ 0, -1,  9])]"
882,"[array([0, 0, 9]), array([ 0, -1,  9])]"
883,"[array([0, 0, 9]), array([ 0, -1,  9])]"
884,"[array([0, 0, 9]), array([ 0, -1,  9])]"
885,"[array([0, 0, 9]), array([ 0, -1,  9])]"
886,"[array([0, 1, 6]), array([-1,  1,  6])]"
887,"[array([0, 1, 6]), array([-1,  1,  6])]"
888,"[array([0, 1, 6]), array([-1,  1,  6])]"
889,"[array([0, 1, 6]), array([-1,  1,  6])]"
890,"[array([0, 0, 9]), array([1, 1, 6]), array([2, 0, 7]), array([ 1, -1,  8])]"
891,"[array([0, 1, 6]), array([-1,  1,  6])]"
892,"[array([0, 1, 6]), array([-1,  1,  6])]"
893,"[array([0, 1, 6]), array([-1,  1,  6])]"
894,"[array([2, 2, 9]), array([2, 3, 9]), array([2, 4, 9]), array([2, 5, 9])]"
895,"[array([2, 2, 9]), array([1, 3, 8]), array([0, 2, 7]), array([1, 1, 6]), array([2, 2, 9]), array([3, 3, 6]), array([4, 3, 6]), array([3, 3, 6]), array([2, 4, 7]), array([1, 5, 6])]"
896,"[array([0, 1, 6]), array([-1,  1,  6])]"
897,"[array([0, 1, 6]), array([-1,  1,  6])]"
898,"[array([0, 1, 6]), array([-1,  1,  6])]"
899,"[array([2, 1, 6]), array([3, 0, 7]), array([ 2, -1,  8])]"
900,"[array([0, 1, 6]), array([-1,  1,  6])]"
901,"[array([0, 1, 6]), array([-1,  1,  6])]"
902,"[array([0, 1, 6]), array([1, 0, 7]), array([1, 1, 7]), array([0, 0, 8]), array([1, 0, 8]), array([2, 0, 8]), array([1, 1, 9]), array([2, 2, 6]), array([1, 2, 6]), array([0, 2, 6])]"
903,"[array([0, 1, 6]), array([-1,  1,  6])]"
904,"[array([0, 1, 6]), array([-1,  1,  6])]"
905,"[array([0, 1, 6]), array([1, 0, 7]), array([ 0, -1,  8])]"
906,"[array([2, 0, 7]), array([ 1, -1,  8])]"
907,"[array([2, 2, 9]), array([3, 3, 6]), array([2, 3, 6]), array([1, 3, 6]), array([0, 3, 6]), array([-1,  3,  6])]"
908,"[array([2, 2, 9]), array([3, 3, 6]), array([2, 3, 6]), array([1, 3, 6]), array([0, 3, 6]), array([-1,  3,  6])]"
909,"[array([0, 1, 6]), array([-1,  1,  6])]"
910,"[array([0, 1, 6]), array([-1,  1,  6])]"
911,"[array([0, 2, 7]), array([1, 3, 8]), array([2, 3, 8]), array([1, 3, 8]), array([0, 3, 8]), array([1, 3, 8]), array([2, 3, 8]), array([1, 3, 8]), array([0, 3, 8]), array([1, 3, 8])]"
912,"[array([0, 1, 6]), array([-1,  1,  6])]"
913,"[array([0, 1, 6]), array([-1,  1,  6])]"
914,"[array([0, 1, 6]), array([-1,  1,  6])]"
915,"[array([0, 1, 6]), array([-1,  2,  7])]"
916,"[array([0, 1, 6]), array([-1,  1,  6])]"
917,"[array([0, 1, 6]), array([-1,  1,  6])]"
918,"[array([0, 1, 6]), array([-1,  1,  6])]"
919,"[array([0, 1, 6]), array([-1,  1,  6])]"
920,"[array([0, 1, 6]), array([-1,  1,  6])]"
921,"[array([2, 1, 6]), array([3, 1, 6]), array([4, 1, 6]), array([3, 1, 6]), array([2, 1, 6]), array([3, 1, 6]), array([2, 1, 6]), array([3, 1, 6]), array([2, 2, 7]), array([3, 3, 8])]"
922,"[array([0, 1, 6]), array([-1,  1,  6])]"
923,"[array([0, 1, 6]), array([-1,  1,  6])]"
924,"[array([0, 1, 6]), array([-1,  1,  6])]"
925,"[array([0, 1, 6]), array([-1,  1,  6])]"
926,"[array([0, 1, 6]), array([-1,  2,  7])]"
927,"[array([0, 1, 6]), array([-1,  1,  6])]"
928,"[array([0, 1, 6]), array([-1,  1,  6])]"
929,"[array([0, 1, 6]), array([-1,  1,  6])]"
930,"[array([0, 1, 6]), array([-1,  1,  6])]"
931,"[array([0, 1, 6]), array([-1,  1,  6])]"
932,"[array([0, 1, 6]), array([-1,  1,  6])]"
933,"[array([0, 1, 6]), array([-1,  1,  6])]"
934,"[array([0, 1, 6]), array([-1,  1,  6])]"
935,"[array([0, 1, 6]), array([-1,  1,  6])]"
936,"[array([0, 1, 6]), array([-1,  1,  6])]"
937,"[array([0, 1, 6]), array([-1,  1,  6])]"
938,"[array([0, 1, 6]), array([-1,  1,  6])]"
939,"[array([0, 1, 6]), array([-1,  1,  6])]"
940,"[array([0, 1, 6]), array([-1,  1,  6])]"
941,"[array([0, 1, 6]), array([-1,  1,  6])]"
942,"[array([0, 1, 6]), array([-1,  1,  6])]"
943,"[array([0, 1, 6]), array([-1,  1,  6])]"
944,"[array([0, 1, 6]), array([-1,  1,  6])]"
945,"[array([0, 1, 6]), array([-1,  1,  6])]"
946,"[array([0, 1, 6]), array([-1,  1,  6])]"
947,"[array([0, 2, 7]), array([1, 3, 8]), array([0, 4, 9]), array([1, 5, 6])]"
948,"[array([0, 2, 7]), array([0, 3, 7]), array([1, 2, 6]), array([0, 2, 6]), array([-1,  2,  6])]"
949,"[array([0, 1, 6]), array([-1,  1,  6])]"
950,"[array([0, 1, 6]), array([-1,  1,  6])]"
951,"[array([0, 1, 6]), array([-1,  1,  6])]"
952,"[array([0, 1, 6]), array([-1,  1,  6])]"
953,"[array([0, 1, 6]), array([-1,  1,  6])]"
954,"[array([0, 1, 6]), array([-1,  1,  6])]"
955,"[array([0, 1, 6]), array([-1,  1,  6])]"
956,"[array([0, 1, 6]), array([-1,  1,  6])]"
957,"[array([0, 1, 6]), array([-1,  1,  6])]"
958,"[array([0, 1, 6]), array([-1,  1,  6])]"
959,"[array([0, 0, 9]), array([1, 1, 6]), array([0, 1, 6]), array([-1,  1,  6])]"
960,"[array([0, 1, 6]), array([-1,  1,  6])]"
961,"[array([0, 1, 6]), array([-1,  1,  6])]"
962,"[array([0, 1, 6]), array([-1,  1,  6])]"
963,"[array([2, 1, 6]), array([1, 1, 6]), array([0, 1, 6]), array([-1,  1,  6])]"
964,"[array([0, 1, 6]), array([-1,  1,  6])]"
965,"[array([0, 1, 6]), array([-1,  1,  6])]"
966,"[array([0, 1, 6]), array([-1,  1,  6])]"
967,"[array([0, 1, 6]), array([-1,  1,  6])]"
968,"[array([0, 1, 6]), array([-1,  1,  6])]"
969,"[array([0, 1, 6]), array([-1,  1,  6])]"
970,"[array([0, 1, 6]), array([-1,  1,  6])]"
971,"[array([0, 1, 6]), array([-1,  1,  6])]"
972,"[array([0, 1, 6]), array([-1,  1,  6])]"
973,"[array([0, 1, 6]), array([-1,  1,  6])]"
974,"[array([0, 1, 6]), array([-1,  1,  6])]"
975,"[array([0, 1, 6]), array([-1,  1,  6])]"
976,"[array([0, 1, 6]), array([-1,  1,  6])]"
977,"[array([0, 1, 6]), array([-1,  1,  6])]"
978,"[array([0, 1, 6]), array([-1,  1,  6])]"
979,"[array([0, 1, 6]), array([-1,  1,  6])]"
980,"[array([0, 1, 6]), array([-1,  1,  6])]"
981,"[array([0, 1, 6]), array([-1,  2,  7])]"
982,"[array([0, 1, 6]), array([-1,  1,  6])]"
983,"[array([0, 1, 6]), array([-1,  1,  6])]"
984,"[array([0, 1, 6]), array([-1,  1,  6])]"
985,"[array([0, 1, 6]), array([-1,  1,  6])]"
986,"[array([0, 1, 6]), array([-1,  1,  6])]"
987,"[array([0, 1, 6]), array([-1,  1,  6])]"
988,"[array([0, 1, 6]), array([-1,  1,  6])]"
989,"[array([0, 1, 6]), array([-1,  1,  6])]"
990,"[array([0, 1, 6]), array([-1,  1,  6])]"
991,"[array([0, 1, 6]), array([-1,  1,  6])]"
992,"[array([0, 1, 6]), array([-1,  1,  6])]"
993,"[array([0, 1, 6]), array([-1,  1,  6])]"
994,"[array([0, 1, 6]), array([-1,  1,  6])]"
995,"[array([0, 1, 6]), array([-1,  1,  6])]"
996,"[array([0, 1, 6]), array([-1,  1,  6])]"
997,"[array([0, 1, 6]), array([-1,  1,  6])]"
998,"[array([0, 1, 6]), array([-1,  1,  6])]"
999,"[array([0, 1, 6]), array([-1,  1,  6])]"
